GM financial,https://simplify.jobs/c/GM-Financial?utm_source=GHList&utm_medium=company
,https://fa-exvu-saasfaprod1.fa.ocs.oraclecloud.com/hcmUI/CandidateExperience/en/sites/CX_1/job/1445?utm_source=Simplify&ref=Simplify
,https://simplify.jobs/p/e3432d39-f214-481a-ab27-f9b1101b22c3?utm_source=GHList
,https://manh.wd5.myworkdayjobs.com/campus/job/Atlanta-GA/Cloud-Ops-Software-Engineer---Campus--Summer-2026-_16711?utm_source=Simplify&ref=Simplify
,https://uscareers-docusign.icims.com/jobs/28330/software-engineer-intern/job?utm_source=Simplify&ref=Simplify
Motorola,https://simplify.jobs/c/MotorolaSolutions?utm_source=GHList&utm_medium=company
,https://motorolasolutions.wd5.myworkdayjobs.com/Careers/job/Chicago-IL/Java-Software-Engineer---2026-Summer-Internship--Chicago-Hybrid-_R60209?utm_source=Simplify&ref=Simplify
,https://simplify.jobs/p/19ad0e00-94f3-4505-ab02-7e2d2bb0fda6?utm_source=GHList
Atlas Copco Group,https://simplify.jobs/c/Atlas-Copco-Group?utm_source=GHList&utm_medium=company
,"https://www.careers.homeofindustrialideas.com/job/Houston-Application-Engineer-Intern-,-Summer-2026-Houston,-TX-Texa/1275536901/?ats=successfactors&utm_source=Simplify&ref=Simplify"
,https://simplify.jobs/p/6aecfa4e-f794-4013-981d-78d90469b1c5?utm_source=GHList
GM financial,https://simplify.jobs/c/GM-Financial?utm_source=GHList&utm_medium=company
,https://fa-exvu-saasfaprod1.fa.ocs.oraclecloud.com/hcmUI/CandidateExperience/en/sites/CX_1/job/1449?utm_source=Simplify&ref=Simplify
,https://simplify.jobs/p/af82df13-7425-4b07-a615-40901f06b988?utm_source=GHList
Hewlett Packard Enterprise,https://simplify.jobs/c/Hewlett-Packard-Enterprise?utm_source=GHList&utm_medium=company
,https://hpe.wd5.myworkdayjobs.com/Jobsathpe/job/Sunnyvale-California-United-States-of-America/Software-Engineering-Intern_1198056?utm_source=Simplify&ref=Simplify
,https://simplify.jobs/p/03cef171-11f2-4357-8a5f-87d1d2f5a5d6?utm_source=GHList
Wisk,https://simplify.jobs/c/Wisk-Aero?utm_source=GHList&utm_medium=company
,https://wisk.wd108.myworkdayjobs.com/Wisk_Careers/job/Mountain-View-CA/Software-Engineering-Intern_JR100407?utm_source=Simplify&ref=Simplify
,https://simplify.jobs/p/60ca16ca-1791-4af3-beb8-e0e25f2a9505?utm_source=GHList
Uber,https://simplify.jobs/c/Uber?utm_source=GHList&utm_medium=company
,https://university-uber.icims.com/jobs/151981/job?mobile=true&needsRedirect=false&utm_source=Simplify&ref=Simplify
,https://simplify.jobs/p/dcaf0152-8488-4c5e-83c8-14d3e58b45ef?utm_source=GHList
,https://university-uber.icims.com/jobs/152031/job?mobile=true&needsRedirect=false&utm_source=Simplify&ref=Simplify
,https://simplify.jobs/p/e7b88d0f-a161-4376-bd48-e58371541e3e?utm_source=GHList
Dominion Energy,https://simplify.jobs/c/Dominion-Energy?utm_source=GHList&utm_medium=company
,"https://careers.dominionenergy.com/job/RICHMOND-Intern-IT-Microsoft-Center-of-Excellence-(Richmond,-VA-Cayce,-SC)-VA-23219/1348906400/?ats=successfactors&utm_source=Simplify&ref=Simplify"
,https://simplify.jobs/p/f38199a2-9394-4822-a17a-a476acacc036?utm_source=GHList
Nokia,https://simplify.jobs/c/Nokia?utm_source=GHList&utm_medium=company
,https://fa-evmr-saasfaprod1.fa.ocs.oraclecloud.com/hcmUI/CandidateExperience/en/sites/CX_1/job/28196?utm_source=Simplify&ref=Simplify
,https://simplify.jobs/p/06c0fd59-82df-4e0d-83bc-f0b3c43d6a6c?utm_source=GHList
,https://fa-evmr-saasfaprod1.fa.ocs.oraclecloud.com/hcmUI/CandidateExperience/en/sites/CX_1/job/28191?utm_source=Simplify&ref=Simplify
,https://simplify.jobs/p/c017e054-74bf-4e51-8fea-a5d30c252348?utm_source=GHList
,https://fa-evmr-saasfaprod1.fa.ocs.oraclecloud.com/hcmUI/CandidateExperience/en/sites/CX_1/job/28202?utm_source=Simplify&ref=Simplify
,https://simplify.jobs/p/af5211c2-b6f3-425b-b5c3-6d468ffebc85?utm_source=GHList
Netflix,https://simplify.jobs/c/Netflix?utm_source=GHList&utm_medium=company
,https://explore.jobs.netflix.net/careers/job/790313241540?utm_source=Simplify&ref=Simplify
,https://simplify.jobs/p/f3e1dd51-5fa2-4d31-a191-365c1691876f?utm_source=GHList
Electronic Arts,https://simplify.jobs/c/Electronic-Arts?utm_source=GHList&utm_medium=company
,https://jobs.ea.com/en_US/careers/JobDetail/Software-Engineer-Intern/210854?utm_source=Simplify&ref=Simplify
,https://simplify.jobs/p/7b4e6936-2417-410c-a37b-d7c979df7dc4?utm_source=GHList
Uber,https://simplify.jobs/c/Uber?utm_source=GHList&utm_medium=company
,https://www.uber.com/global/en/careers/list/151981/?utm_source=Simplify&ref=Simplify
,https://simplify.jobs/p/e21c5ccd-9053-4aa0-827a-9edfd5d26421?utm_source=GHList
,https://www.uber.com/global/en/careers/list/152031/?utm_source=Simplify&ref=Simplify
,https://simplify.jobs/p/d223d071-773d-4a4b-adb0-2b933df64a48?utm_source=GHList
Westinghouse Electric Company,https://simplify.jobs/c/Westinghouse-Electric-Company?utm_source=GHList&utm_medium=company
,https://careers.westinghousenuclear.com/job/Shoreview-Software-Engineering-Intern-Summer-2026-MN-55126/1348239000/?ats=successfactors&utm_source=Simplify&ref=Simplify
,https://simplify.jobs/p/90eac154-cf62-449d-9954-dc1c158c3894?utm_source=GHList
,https://careers.westinghousenuclear.com/job/Cranberry-Township-Software-Development-Intern-Summer-2026-NC/1335431600/?ats=successfactors&utm_source=Simplify&ref=Simplify
,https://simplify.jobs/p/799348a2-ff1e-4af3-80d6-2fe37ab904de?utm_source=GHList
,https://careers.westinghousenuclear.com/job/Cranberry-Township-Software-and-Automation-Intern-Summer-2026-NC/1336532600/?ats=successfactors&utm_source=Simplify&ref=Simplify
,https://simplify.jobs/p/1d64d1a3-607a-4371-a10f-5bc081474208?utm_source=GHList
,https://careers.westinghousenuclear.com/job/Cranberry-Township-Enovia-PLM-Developer-Intern-Summer-2026-NC/1338026700/?ats=successfactors&utm_source=Simplify&ref=Simplify
,https://simplify.jobs/p/020bd974-51da-4ba2-946f-8287a1c01224?utm_source=GHList
Nokia,https://simplify.jobs/c/Nokia?utm_source=GHList&utm_medium=company
,https://fa-evmr-saasfaprod1.fa.ocs.oraclecloud.com/hcmUI/CandidateExperience/en/sites/CX_1/job/28194?utm_source=Simplify&ref=Simplify
,https://simplify.jobs/p/a0e8f67f-796b-4f35-8339-e424058b8259?utm_source=GHList
,https://fa-evmr-saasfaprod1.fa.ocs.oraclecloud.com/hcmUI/CandidateExperience/en/sites/CX_1/job/28192?utm_source=Simplify&ref=Simplify
,https://simplify.jobs/p/83b9e9d5-a947-4162-a8f0-b0b18edc51ae?utm_source=GHList
,https://fa-evmr-saasfaprod1.fa.ocs.oraclecloud.com/hcmUI/CandidateExperience/en/sites/CX_1/job/28198?utm_source=Simplify&ref=Simplify
,https://simplify.jobs/p/799c1bda-26d5-4762-b767-4b1dbbcee911?utm_source=GHList
,https://fa-evmr-saasfaprod1.fa.ocs.oraclecloud.com/hcmUI/CandidateExperience/en/sites/CX_1/job/28201?utm_source=Simplify&ref=Simplify
,https://simplify.jobs/p/b1b07bc6-4056-43a7-911c-3d0c6cc252b1?utm_source=GHList
,https://fa-evmr-saasfaprod1.fa.ocs.oraclecloud.com/hcmUI/CandidateExperience/en/sites/CX_1/job/28195?utm_source=Simplify&ref=Simplify
,https://simplify.jobs/p/82073135-d304-4223-96bb-7733e1a670be?utm_source=GHList
,https://fa-evmr-saasfaprod1.fa.ocs.oraclecloud.com/hcmUI/CandidateExperience/en/sites/CX_1/job/28193?utm_source=Simplify&ref=Simplify
,https://simplify.jobs/p/a683bafc-ac75-411f-8ec4-61167610d262?utm_source=GHList
,https://fa-evmr-saasfaprod1.fa.ocs.oraclecloud.com/hcmUI/CandidateExperience/en/sites/CX_1/job/28199?utm_source=Simplify&ref=Simplify
,https://simplify.jobs/p/e2428cc1-490d-448f-96db-7063b2da238e?utm_source=GHList
,https://fa-evmr-saasfaprod1.fa.ocs.oraclecloud.com/hcmUI/CandidateExperience/en/sites/CX_1/job/28200?utm_source=Simplify&ref=Simplify
,https://simplify.jobs/p/2a32b04b-bc82-4e12-b8c9-4b5346723de0?utm_source=GHList
,https://fa-evmr-saasfaprod1.fa.ocs.oraclecloud.com/hcmUI/CandidateExperience/en/sites/CX_1/job/28197?utm_source=Simplify&ref=Simplify
,https://simplify.jobs/p/7b5de438-0036-4dda-8dc1-ae6a97b227bb?utm_source=GHList
CommScope,https://simplify.jobs/c/CommScope?utm_source=GHList&utm_medium=company
,https://jobs.commscope.com/job/Shakopee-Intern-Software-Engineer-Minn/1346617800/?ats=successfactors&utm_source=Simplify&ref=Simplify
,https://simplify.jobs/p/b4652dae-ba51-4a17-8bc6-7b4ed6413c0f?utm_source=GHList
,"https://jobs.commscope.com/job/Shakopee-Intern,-Software-Developer-Minn/1348768800/?ats=successfactors&utm_source=Simplify&ref=Simplify"
,https://simplify.jobs/p/7d0887c1-7529-464f-9236-98c2e0d27030?utm_source=GHList
,https://disney.wd5.myworkdayjobs.com/en-US/disneycareer/job/Glendale-CA-USA/Software-Engineering-AI-Intern--Summer-2026_10136353?utm_source=Simplify&ref=Simplify
,https://labcorp.wd1.myworkdayjobs.com/en-US/External/job/Durham-NC/Intern---Clinical-Development-Backend-Engineering_2534910?utm_source=Simplify&ref=Simplify
Tesla,https://simplify.jobs/c/Tesla?utm_source=GHList&utm_medium=company
,https://www.tesla.com/careers/search/job/257414?utm_source=Simplify&ref=Simplify
,https://careers.westinghousenuclear.com/job/Shoreview-Software-Engineering-Intern-Summer-2026-MN-55126/1348239000/?utm_source=Simplify&ref=Simplify
LabCorp,https://simplify.jobs/c/LabCorp?utm_source=GHList&utm_medium=company
,https://labcorp.wd1.myworkdayjobs.com/external/job/Durham-NC/Intern---Clinical-Development-Backend-Engineering_2534910?utm_source=Simplify&ref=Simplify
,https://simplify.jobs/p/025a6a6a-f7f3-4b71-8dc1-adfa161259aa?utm_source=GHList
Nokia,https://simplify.jobs/c/Nokia?utm_source=GHList&utm_medium=company
,https://fa-evmr-saasfaprod1.fa.ocs.oraclecloud.com/hcmUI/CandidateExperience/en/sites/CX_1/job/28203?utm_source=Simplify&ref=Simplify
,https://simplify.jobs/p/64fef2ad-7032-4697-ad29-4970221e9bd5?utm_source=GHList
Motorola,https://simplify.jobs/c/MotorolaSolutions?utm_source=GHList&utm_medium=company
,https://motorolasolutions.wd5.myworkdayjobs.com/Careers/job/Chicago-IL/North-America-Solutions-Deployment---Integration--NA-SDI--Engineering-Operations-Summer-Intern--2026_R60147?utm_source=Simplify&ref=Simplify
,https://simplify.jobs/p/5c6e2961-0b57-445c-bf01-6f4438047070?utm_source=GHList
Zoetis,https://simplify.jobs/c/Zoetis?utm_source=GHList&utm_medium=company
,https://zoetis.wd5.myworkdayjobs.com/zoetis/job/Parsippany/ZOETIS-Tech---Digital--ZTD--Solutions-Architecture---Engineering-Intern--GMS_JR00019615-2?utm_source=Simplify&ref=Simplify
,https://simplify.jobs/p/a5f4b474-a438-41c4-b204-e98b01c83da6?utm_source=GHList
HCSC,https://simplify.jobs/c/de9db5fc-93ac-4e2a-873c-61d8a830873c?utm_source=GHList&utm_medium=company
,https://hcsc.wd1.myworkdayjobs.com/en-US/HCSC_External/job/IL---Chicago/Posting-Title--Early-Careers---Automation-Programmer-Associate-Intern_R0046548?utm_source=Simplify&ref=Simplify
,https://simplify.jobs/p/7439d7d0-93b1-40d1-a228-b7dd817db4f5?utm_source=GHList
Northrop Grumman,https://simplify.jobs/c/Northrop-Grumman?utm_source=GHList&utm_medium=company
,https://ngc.wd1.myworkdayjobs.com/Northrop_Grumman_External_Site/job/United-States-Maryland-Baltimore/XMLNAME-2026-Systems-Engineer-Intern---Baltimore-MD_R10213260?utm_source=Simplify&ref=Simplify
,https://simplify.jobs/p/04892e10-87b8-4ea9-9ee7-650767b64d53?utm_source=GHList
Codal,https://simplify.jobs/c/Codal?utm_source=GHList&utm_medium=company
,https://job-boards.greenhouse.io/codalinc/jobs/5022727008?utm_source=Simplify&ref=Simplify
,https://simplify.jobs/p/7cf91987-5a66-4ee2-ac2b-a046298f0dce?utm_source=GHList
Microsoft,https://simplify.jobs/c/Microsoft?utm_source=GHList&utm_medium=company
,https://apply.careers.microsoft.com/careers/job/1970393556621732?utm_source=Simplify&ref=Simplify
,https://simplify.jobs/p/8995b61c-fc5b-42b3-a7e2-fa633f917449?utm_source=GHList
,https://apply.careers.microsoft.com/careers/job/1970393556622023?utm_source=Simplify&ref=Simplify
,https://simplify.jobs/p/8c18d377-1de8-4bdb-b65b-7344f4287141?utm_source=GHList
Codal,https://simplify.jobs/c/Codal?utm_source=GHList&utm_medium=company
,https://job-boards.greenhouse.io/codalinc/jobs/5022723008?utm_source=Simplify&ref=Simplify
,https://simplify.jobs/p/653753e8-ffef-4afe-8d34-843f667875f1?utm_source=GHList
TikTok,https://simplify.jobs/c/TikTok?utm_source=GHList&utm_medium=company
,https://lifeattiktok.com/search/7579073228540201269?utm_source=Simplify&ref=Simplify
,https://simplify.jobs/p/e4f12326-037c-4b20-a144-a21b397a160d?utm_source=GHList
Amazon,https://simplify.jobs/c/Amazon?utm_source=GHList&utm_medium=company
,https://amazon.jobs/en/jobs/3116030/software-development-engineer-internship-summer-2026-us?utm_source=Simplify&ref=Simplify
,https://simplify.jobs/p/c44d58c3-05e3-470a-9f21-4722f9d8522d?utm_source=GHList
Amazon,https://simplify.jobs/c/Amazon?utm_source=GHList&utm_medium=company
,https://amazon.jobs/en/jobs/3116034/software-development-engineer-internship-summer-2026-canada?utm_source=Simplify&ref=Simplify
,https://simplify.jobs/p/39a4b1d2-3821-4d9e-bc9f-d56b0120a098?utm_source=GHList
Nokia,https://simplify.jobs/c/Nokia?utm_source=GHList&utm_medium=company
,https://fa-evmr-saasfaprod1.fa.ocs.oraclecloud.com/hcmUI/CandidateExperience/en/sites/CX_1/job/28034?utm_source=Simplify&ref=Simplify
,https://simplify.jobs/p/0ec7d8eb-5f6e-439f-bce4-c7dbe79fdfb1?utm_source=GHList
,https://fa-evmr-saasfaprod1.fa.ocs.oraclecloud.com/hcmUI/CandidateExperience/en/sites/CX_1/job/28085?utm_source=Simplify&ref=Simplify
,https://simplify.jobs/p/76957cd3-a07d-4554-afaf-731c927f6adf?utm_source=GHList
,https://jobs.ashbyhq.com/etched/605c286d-be56-4e83-83b8-436d29ce17df?utm_source=Simplify&ref=Simplify
Marsh,https://simplify.jobs/c/55341c12-8fd6-4cce-8472-d15c4a3ab583?utm_source=GHList&utm_medium=company
,https://mmc.wd1.myworkdayjobs.com/mmc/job/Atlanta---Hartsfield/Oliver-Wyman--Vector--Software-Development-Intern_R_333148?utm_source=Simplify&ref=Simplify
,https://simplify.jobs/p/3cbf1732-775a-4cd5-96b6-034512191cb8?utm_source=GHList
Genentech,https://simplify.jobs/c/Genentech?utm_source=GHList&utm_medium=company
,https://roche.wd3.myworkdayjobs.com/ROG-A2O-GENE/job/South-San-Francisco/XMLNAME-2026-Summer-Intern---Product-Technical-Development---Digital-Sciences-Focus_202512-131184?utm_source=Simplify&ref=Simplify
,https://simplify.jobs/p/5bc897f3-35bb-41fc-8ee2-889e8a9e042b?utm_source=GHList
Plexus,https://simplify.jobs/c/Plexus?utm_source=GHList&utm_medium=company
,https://plexus.wd5.myworkdayjobs.com/en-US/Plexus_Careers/job/Neenah-WI/Intern---Product-Engineer--Summer-2026-_R033663-1?utm_source=Simplify&ref=Simplify
,https://simplify.jobs/p/842e69a5-d5bc-491d-807b-1acfea48abd2?utm_source=GHList
Airbnb,https://simplify.jobs/c/Airbnb?utm_source=GHList&utm_medium=company
,https://careers.airbnb.com/positions/7453837?gh_jid=7453837&utm_source=Simplify&ref=Simplify
,https://simplify.jobs/p/73a68e3e-6de3-498a-98c8-8a01911b0357?utm_source=GHList
Cadence Design Systems,https://simplify.jobs/c/Cadence-Design-Systems?utm_source=GHList&utm_medium=company
,https://cadence.wd1.myworkdayjobs.com/External_Careers/job/SAN-JOSE/Software-Intern_R52214-1?utm_source=Simplify&ref=Simplify
,https://simplify.jobs/p/98e2db32-fe48-4033-baae-1472175506e7?utm_source=GHList
Axiom Space,https://simplify.jobs/c/AxiomSpace?utm_source=GHList&utm_medium=company
,https://axiomspace.wd5.myworkdayjobs.com/External_Career_Site/job/Houston/Mission-Operations-Engineering-Intern--Summer-2026-_JR100353?utm_source=Simplify&ref=Simplify
,https://simplify.jobs/p/dd011631-8df9-446c-bf3c-60d91a5c1084?utm_source=GHList
Nokia,https://simplify.jobs/c/Nokia?utm_source=GHList&utm_medium=company
,https://fa-evmr-saasfaprod1.fa.ocs.oraclecloud.com/hcmUI/CandidateExperience/en/sites/CX_1/job/28098?utm_source=Simplify&ref=Simplify
,https://simplify.jobs/p/a76660fe-c45d-4515-b8dd-48e61b9ed5f0?utm_source=GHList
Simons Foundation,https://simplify.jobs/c/645bbffd-6910-4c90-b4d5-ec941d975b60?utm_source=GHList&utm_medium=company
,https://simonsfoundation.wd1.myworkdayjobs.com/en-US/simonsfoundationcareers/job/162-Fifth-Avenue-New-York-NY/Scientific-Visual-Exploration-Software-Intern_R0001996?utm_source=Simplify&ref=Simplify
,https://simplify.jobs/p/fb844deb-54bc-49de-931f-9e8293cf95af?utm_source=GHList
Calico Labs,https://simplify.jobs/c/CalicoLabs?utm_source=GHList&utm_medium=company
,https://www.calicolabs.com/careers/?gh_jid=8326850002&utm_source=Simplify&ref=Simplify
,https://simplify.jobs/p/51f2fd67-840d-4144-bdef-751d59751620?utm_source=GHList
Dexcom,https://simplify.jobs/c/Dexcoma?utm_source=GHList&utm_medium=company
,https://dexcom.wd1.myworkdayjobs.com/Dexcom/job/Remote---United-States/Intern-I---Software-Engineering_JR115298?utm_source=Simplify&ref=Simplify
,https://simplify.jobs/p/c21a2075-cabb-47c6-8379-d5ef7a57bca6?utm_source=GHList
,https://dexcom.wd1.myworkdayjobs.com/Dexcom/job/Remote---United-States/Intern-I---Software-Engineer_JR115313?utm_source=Simplify&ref=Simplify
,https://simplify.jobs/p/69a4de62-32b6-44c1-af13-065bb5a7ab1b?utm_source=GHList
Simons Foundation,https://simplify.jobs/c/645bbffd-6910-4c90-b4d5-ec941d975b60?utm_source=GHList&utm_medium=company
,https://simonsfoundation.wd1.myworkdayjobs.com/en-US/simonsfoundationcareers/job/162-Fifth-Avenue-New-York-NY/Software-Engineer-Intern_R0001994?utm_source=Simplify&ref=Simplify
,https://simplify.jobs/p/18814474-fe86-459c-bee3-ed16974b9c97?utm_source=GHList
Electronic Arts,https://simplify.jobs/c/Electronic-Arts?utm_source=GHList&utm_medium=company
,https://jobs.ea.com/en_US/careers/JobDetail/Security-Software-Engineer-Intern/210837?utm_source=Simplify&ref=Simplify
,https://simplify.jobs/p/e4593e77-d166-4333-ba92-9a129db9d9ef?utm_source=GHList
ispace,https://simplify.jobs/c/Ispace?utm_source=GHList&utm_medium=company
,https://jobs.lever.co/ispace-inc/fe74033c-1f96-45c1-8f27-aedf17adf222/apply?utm_source=Simplify&ref=Simplify
,https://simplify.jobs/p/b0858cd9-ca9d-435f-a3a8-5e0cd1d846af?utm_source=GHList
GoDaddy,https://simplify.jobs/c/GoDaddy?utm_source=GHList&utm_medium=company
,https://job-boards.greenhouse.io/eventsandinterns/jobs/7479549003?utm_source=Simplify&ref=Simplify
,https://simplify.jobs/p/63c72223-963c-4078-a63a-47dc80bdd513?utm_source=GHList
ABB,https://simplify.jobs/c/ABB?utm_source=GHList&utm_medium=company
,https://abb.wd3.myworkdayjobs.com/external_career_page/job/USA-NC-Cary/IS-Salesforcecom-Agile-Delivery-Intern--Summer-2026_JR00015449?utm_source=Simplify&ref=Simplify
,https://simplify.jobs/p/9bdcfb77-ab62-434a-bf30-915eb9d0ca4f?utm_source=GHList
Sony Interactive Entertainment,https://simplify.jobs/c/Sony-Interactive-Entertainment?utm_source=GHList&utm_medium=company
,https://job-boards.greenhouse.io/sonyinteractiveentertainmentglobal/jobs/5674863004?utm_source=Simplify&ref=Simplify
,https://simplify.jobs/p/bd629b9d-aa73-4e73-9567-de41120e71db?utm_source=GHList
Roche,https://simplify.jobs/c/Roche?utm_source=GHList&utm_medium=company
,https://roche.wd3.myworkdayjobs.com/roche-ext/job/Santa-Clara/XMLNAME-2026-Summer-Intern---Computational-Science---Software-Test-Engineering--CSI-_202511-130554?utm_source=Simplify&ref=Simplify
,https://simplify.jobs/p/542a867f-4862-4d30-bb45-79e18130ff48?utm_source=GHList
Nokia,https://simplify.jobs/c/Nokia?utm_source=GHList&utm_medium=company
,https://fa-evmr-saasfaprod1.fa.ocs.oraclecloud.com/hcmUI/CandidateExperience/en/sites/CX_1/job/27739?utm_source=Simplify&ref=Simplify
,https://simplify.jobs/p/6f24cfe5-46c6-4a95-a973-d02fb02376ad?utm_source=GHList
General Dynamics Mission Systems,https://simplify.jobs/c/General-Dynamics-Mission-Systems?utm_source=GHList&utm_medium=company
,https://careers-gdms.icims.com/jobs/69559/job?mobile=true&needsRedirect=false&utm_source=Simplify&ref=Simplify
,https://simplify.jobs/p/ea5ef721-be72-4fa5-8146-70bce7581cac?utm_source=GHList
,https://careers-gdms.icims.com/jobs/69647/job?mobile=true&needsRedirect=false&utm_source=Simplify&ref=Simplify
,https://simplify.jobs/p/3380ed07-c341-471a-8ada-5a3b0d8db748?utm_source=GHList
,https://careers-gdms.icims.com/jobs/69437/job?mobile=true&needsRedirect=false&utm_source=Simplify&ref=Simplify
,https://simplify.jobs/p/a188f11f-2d43-4393-b93a-9b6599217778?utm_source=GHList
GM financial,https://simplify.jobs/c/GM-Financial?utm_source=GHList&utm_medium=company
,https://fa-exvu-saasfaprod1.fa.ocs.oraclecloud.com/hcmUI/CandidateExperience/en/sites/CX_1/job/1381?utm_source=Simplify&ref=Simplify
,https://simplify.jobs/p/805ae1fc-b4c0-4cce-833a-0035ec3ee5d6?utm_source=GHList
Port Authority NY NJ,https://simplify.jobs/c/Port-Authority-NY-NJ?utm_source=GHList&utm_medium=company
,https://jobs.jobvite.com/panynj/job/oej1yfwQ?nl=1&nl=1&fr=false&utm_source=Simplify&ref=Simplify
,https://simplify.jobs/p/20b8c01d-7e15-4155-816f-0f53f108388b?utm_source=GHList
Evolve Technology,https://simplify.jobs/c/Evolve-Technology?utm_source=GHList&utm_medium=company
,https://apply.workable.com/evolv-technology/j/AFBA309834/apply?utm_source=Simplify&ref=Simplify
,https://simplify.jobs/p/e64d94e7-3b78-4d32-9cdd-043a1d10e51b?utm_source=GHList
GM financial,https://simplify.jobs/c/GM-Financial?utm_source=GHList&utm_medium=company
,https://fa-exvu-saasfaprod1.fa.ocs.oraclecloud.com/hcmUI/CandidateExperience/en/sites/CX_1/job/1224?utm_source=Simplify&ref=Simplify
,https://simplify.jobs/p/73ed2b2a-548d-476f-a465-1bf2f7084f2e?utm_source=GHList
Parsons,https://simplify.jobs/c/Parsons?utm_source=GHList&utm_medium=company
,https://parsons.wd5.myworkdayjobs.com/en-US/search/job/US---VA-Centreville/Engineering-Co-Op-Summer-2026_R175093-1?utm_source=Simplify&ref=Simplify
,https://simplify.jobs/p/0f2d1f1c-200a-440d-8d5f-c732c6e00b60?utm_source=GHList
Nokia,https://simplify.jobs/c/Nokia?utm_source=GHList&utm_medium=company
,https://fa-evmr-saasfaprod1.fa.ocs.oraclecloud.com/hcmUI/CandidateExperience/en/sites/CX_1/job/23811?utm_source=Simplify&ref=Simplify
,https://simplify.jobs/p/0c4c89e3-f4d2-4866-b1ec-8b7304a61761?utm_source=GHList
Altom Transport,https://simplify.jobs/c/Altom-Transport?utm_source=GHList&utm_medium=company
,https://apply.workable.com/altom-transport/j/45B0108843/apply?utm_source=Simplify&ref=Simplify
,https://simplify.jobs/p/a81d63f5-261c-47ec-8d1d-5b7b85ecb61e?utm_source=GHList
,https://apply.workable.com/altom-transport/j/F1DC42E598/apply?utm_source=Simplify&ref=Simplify
,https://simplify.jobs/p/32229731-9b9e-48ef-95a4-fd147c820a71?utm_source=GHList
Adobe,https://simplify.jobs/c/Adobe?utm_source=GHList&utm_medium=company
,https://adobe.wd5.myworkdayjobs.com/external_experienced/job/San-Jose/XMLNAME-2026-Intern---AEM-Customer-Engineering_R163037?utm_source=Simplify&ref=Simplify
,https://simplify.jobs/p/0b791aea-83e2-45e1-8816-12ef84c88842?utm_source=GHList
TD Bank,https://simplify.jobs/c/TD-Bank?utm_source=GHList&utm_medium=company
,https://td.wd3.myworkdayjobs.com/TD_Bank_Careers/job/Toronto-Ontario/TD-Talent-Connect---University-of-Toronto--January-15---16--2026-_R_1458605?utm_source=Simplify&ref=Simplify
,https://simplify.jobs/p/80a17625-cac7-4d86-a3a4-8c7cde7018f3?utm_source=GHList
Adobe,https://simplify.jobs/c/Adobe?utm_source=GHList&utm_medium=company
,https://adobe.wd5.myworkdayjobs.com/external_experienced/job/San-Jose/XMLNAME-2026-Intern---Generative-AI-Software-Engineer_R162233?utm_source=Simplify&ref=Simplify
,https://simplify.jobs/p/1680d782-02c0-462d-a55d-36adf2d17dc0?utm_source=GHList
Virtu Financial,https://simplify.jobs/c/Virtu-Financial?utm_source=GHList&utm_medium=company
,https://job-boards.greenhouse.io/virtu/jobs/8314488002?utm_source=Simplify&ref=Simplify
,https://simplify.jobs/p/d6b7624f-ae2d-437a-b921-08a0a1e5d2f9?utm_source=GHList
,https://job-boards.greenhouse.io/virtu/jobs/8314481002?utm_source=Simplify&ref=Simplify
,https://simplify.jobs/p/0125a2ee-5ed2-4b6c-befc-ad8491ab3d3b?utm_source=GHList
Al Warren Oil Company,https://simplify.jobs/c/Al-Warren-Oil-Company?utm_source=GHList&utm_medium=company
,https://apply.workable.com/al-warren-oil-company-inc/j/ABEED2D8BA/apply?utm_source=Simplify&ref=Simplify
,https://simplify.jobs/p/eb4db4fa-341f-4ba0-9a6f-a15b23637c59?utm_source=GHList
Zip,https://simplify.jobs/c/Zip?utm_source=GHList&utm_medium=company
,https://jobs.ashbyhq.com/zip/2bad03a8-4e98-480e-b8cb-bc65d36e429f/application?utm_source=Simplify&ref=Simplify
,https://simplify.jobs/p/f77189e5-1d13-47b1-b208-1728de44fe0b?utm_source=GHList
Gemini,https://simplify.jobs/c/Gemini?utm_source=GHList&utm_medium=company
,https://boards.greenhouse.io/embed/job_app?for=gemini&token=7293075&gh_jid=7293075&utm_source=Simplify&ref=Simplify
,https://simplify.jobs/p/3c720594-ac24-4f41-ad53-c47f1437efe9?utm_source=GHList
SRI International,https://simplify.jobs/c/SRI-International?utm_source=GHList&utm_medium=company
,https://careers-sri.icims.com/jobs/6263/drexel-university-co-op%3a-software-engineering-full-stack-development/job?utm_source=Simplify&ref=Simplify
AffiniPay,https://simplify.jobs/c/AffiniPay?utm_source=GHList&utm_medium=company
,https://www.8am.com/openings/?gh_jid=4622069006&utm_source=Simplify&ref=Simplify
,https://simplify.jobs/p/263816ad-9073-4fcc-a715-7393a194ffaf?utm_source=GHList
Cadence Design Systems,https://simplify.jobs/c/Cadence-Design-Systems?utm_source=GHList&utm_medium=company
,https://cadence.wd1.myworkdayjobs.com/Univ_Careers/job/SAN-JOSE/Software-Intern_R51990?utm_source=Simplify&ref=Simplify
,https://simplify.jobs/p/1c1e4782-741b-4b15-a4e5-4915ea39953f?utm_source=GHList
Fiserv,https://simplify.jobs/c/Fiserv?utm_source=GHList&utm_medium=company
,https://fiserv.wd5.myworkdayjobs.com/ext/job/Berkeley-Heights-New-Jersey/Technology-Summer-Internship-Program---Application-Development--Berkeley-Heights--NJ-_R-10382311?utm_source=Simplify&ref=Simplify
,https://simplify.jobs/p/589af6f6-9f42-4bff-afe4-60e33759767f?utm_source=GHList
Cadence Design Systems,https://simplify.jobs/c/Cadence-Design-Systems?utm_source=GHList&utm_medium=company
,https://cadence.wd1.myworkdayjobs.com/Univ_Careers/job/SAN-JOSE/Software-Engineering-Intern--Circuit-Simulation-_R52013?utm_source=Simplify&ref=Simplify
,https://simplify.jobs/p/dad41611-8446-4425-bf85-513d0f780740?utm_source=GHList
Nokia,https://simplify.jobs/c/Nokia?utm_source=GHList&utm_medium=company
,https://fa-evmr-saasfaprod1.fa.ocs.oraclecloud.com/hcmUI/CandidateExperience/en/sites/CX_1/job/27874?utm_source=Simplify&ref=Simplify
,https://simplify.jobs/p/447212d4-cb69-4c25-a94e-76f4421a6edc?utm_source=GHList
,https://fa-evmr-saasfaprod1.fa.ocs.oraclecloud.com/hcmUI/CandidateExperience/en/sites/CX_1/job/27872?utm_source=Simplify&ref=Simplify
,https://simplify.jobs/p/14a2d01b-6734-41d9-b82a-3904455c23a7?utm_source=GHList
,https://fa-evmr-saasfaprod1.fa.ocs.oraclecloud.com/hcmUI/CandidateExperience/en/sites/CX_1/job/27867?utm_source=Simplify&ref=Simplify
,https://simplify.jobs/p/f4c33284-f9ba-4be3-8d05-50e62e0522db?utm_source=GHList
Standard Aero,https://simplify.jobs/c/Standard-Aero?utm_source=GHList&utm_medium=company
,https://cva.fa.us1.oraclecloud.com/hcmUI/CandidateExperience/en/sites/CX_3/job/8023?utm_source=Simplify&ref=Simplify
,https://simplify.jobs/p/67528e06-f6f6-4170-aa07-5fe52c1bb00a?utm_source=GHList
General Motors,https://simplify.jobs/c/General-Motors?utm_source=GHList&utm_medium=company
,https://generalmotors.wd5.myworkdayjobs.com/Careers_GM/job/Mountain-View-California-United-States-of-America/XMLNAME-2026-Summer-Intern---Software-Engineer--Machine-Learning-Validation--PhD-_JR-202523181?utm_source=Simplify&ref=Simplify
,https://simplify.jobs/p/7e86a379-e215-4667-bcfd-52debfedde32?utm_source=GHList
Metron,https://simplify.jobs/c/22c7fd64-5419-4c19-8f0b-c4e2b6620614?utm_source=GHList&utm_medium=company
,https://job-boards.greenhouse.io/metron/jobs/4958803007?utm_source=Simplify&ref=Simplify
,https://simplify.jobs/p/3aa8795b-9213-43b6-b00e-0e4610d27d88?utm_source=GHList
Keysight Technologies,https://simplify.jobs/c/Keysight-Technologies-Inc?utm_source=GHList&utm_medium=company
,https://jobs.keysight.com/jobs/50957?lang=en-us&icims=1&utm_source=Simplify&ref=Simplify
,https://simplify.jobs/p/1a207543-2fbc-47ca-a8db-3b932dd02414?utm_source=GHList
,https://jobs.keysight.com/jobs/50958?lang=en-us&icims=1&utm_source=Simplify&ref=Simplify
,https://simplify.jobs/p/428dbcf5-ae6d-4ecb-be0d-f2d087478fa0?utm_source=GHList
Seagate Technology ,https://simplify.jobs/c/Seagate-Technology?utm_source=GHList&utm_medium=company
,https://seagatecareers.com/job/Bloomington-Software-Engineer-Internship-Summer-2026-MN/1345601900/?ats=successfactors&utm_source=Simplify&ref=Simplify
,https://simplify.jobs/p/d0c89212-5037-46e1-8f70-d91d64dd1182?utm_source=GHList
Dallas Fort Worth International Airport,https://simplify.jobs/c/Dallas-Fort-Worth-International-Airport?utm_source=GHList&utm_medium=company
,https://dfwairport.wd5.myworkdayjobs.com/External/job/Airport-Headquarters/XMLNAME-2026-Undergraduate-Summer-Internship---IT-Applications-Development_JR101095?utm_source=Simplify&ref=Simplify
,https://simplify.jobs/p/67f2e24e-9507-4cf1-9ab1-372e51b7d391?utm_source=GHList
Circle,https://simplify.jobs/c/Circle?utm_source=GHList&utm_medium=company
,https://circle.wd1.myworkdayjobs.com/Circle/job/San-Francisco---remote-first-in-US/Software-Engineer--Intern--Summer-2025_JR100188-1?utm_source=Simplify&ref=Simplify
,https://simplify.jobs/p/006b9dc0-9d22-46bc-9f57-d7b5305fba9b?utm_source=GHList
USAFacts,https://simplify.jobs/c/USAFacts?utm_source=GHList&utm_medium=company
,https://job-boards.greenhouse.io/usafacts/jobs/4029872009?utm_source=Simplify&ref=Simplify
,https://simplify.jobs/p/6f1eddaf-74b9-4c64-9253-168bfd1eaa95?utm_source=GHList
Dandy,https://simplify.jobs/c/Dandy?utm_source=GHList&utm_medium=company
,https://jobs.ashbyhq.com/dandy/d8491a88-fa90-4299-afb0-af3a2121663f?utm_source=Simplify&ref=Simplify
Datadog,https://simplify.jobs/c/Datadog?utm_source=GHList&utm_medium=company
,https://careers.datadoghq.com/detail/7406578/?gh_jid=7406578&utm_source=Simplify&ref=Simplify
,https://simplify.jobs/p/72e1577f-91dc-4760-ac27-53c4bae26a80?utm_source=GHList
ByteDance,https://simplify.jobs/c/ByteDance?utm_source=GHList&utm_medium=company
,https://jobs.bytedance.com/en/position/7548656517001054471/detail?utm_source=Simplify&ref=Simplify
,https://simplify.jobs/p/624f3974-081c-4af4-9529-285d6268698e?utm_source=GHList
GM financial,https://simplify.jobs/c/GM-Financial?utm_source=GHList&utm_medium=company
,https://fa-exvu-saasfaprod1.fa.ocs.oraclecloud.com/hcmUI/CandidateExperience/en/sites/CX_1/job/1343?utm_source=Simplify&ref=Simplify
,https://simplify.jobs/p/a45700d8-5b2b-4262-9171-ecd191f00b7f?utm_source=GHList
Affirm,https://simplify.jobs/c/Affirm?utm_source=GHList&utm_medium=company
,https://job-boards.greenhouse.io/affirm/jobs/7528020003?utm_source=Simplify&ref=Simplify
,https://simplify.jobs/p/0c494f66-1d71-4451-a4fe-1a973be8af10?utm_source=GHList
LabCorp,https://simplify.jobs/c/LabCorp?utm_source=GHList&utm_medium=company
,https://labcorp.wd1.myworkdayjobs.com/external/job/Remote_United-States/Intern---Software-Engineer_2536369?utm_source=Simplify&ref=Simplify
,https://simplify.jobs/p/9909d8e0-02a6-4e22-b78b-7d06712763ab?utm_source=GHList
Integration Innovation (i3),https://simplify.jobs/c/I3?utm_source=GHList&utm_medium=company
,https://careers-i3-corps.icims.com/jobs/4970/job?mobile=true&needsRedirect=false&utm_source=Simplify&ref=Simplify
,https://simplify.jobs/p/9446fe88-ca32-4044-9c9a-f948a1d294ba?utm_source=GHList
Geico,https://simplify.jobs/c/Geico?utm_source=GHList&utm_medium=company
,https://geico.wd1.myworkdayjobs.com/en-US/External/job/Chevy-Chase-MD/TDP-Software-and-AI-Internship_R0061412?utm_source=Simplify&ref=Simplify
,https://simplify.jobs/p/654f6fbc-1ad8-426f-a357-dc935efddde4?utm_source=GHList
,https://jobs.baesystems.com/global/en/job/BAE1US118688BREXTERNAL/Software-Intern-Summer-2026?utm_source=Simplify&ref=Simplify
Emerson Electric,https://simplify.jobs/c/Emerson-Electric?utm_source=GHList&utm_medium=company
,https://hdjq.fa.us2.oraclecloud.com/hcmUI/CandidateExperience/en/sites/CX_1/job/25029303?utm_source=Simplify&ref=Simplify
,https://simplify.jobs/p/cff05de8-2ea8-4bb1-a58c-285a779ad98a?utm_source=GHList
Fortive,https://simplify.jobs/c/Fortive?utm_source=GHList&utm_medium=company
,https://ejta.fa.us6.oraclecloud.com/hcmUI/CandidateExperience/en/sites/CX_2001/job/8106?utm_source=Simplify&ref=Simplify
,https://simplify.jobs/p/fa847154-1c79-4de4-9098-b0d49bcd6831?utm_source=GHList
,https://jobs.ashbyhq.com/tenex/fbfefd5c-ae95-4a71-8a75-e2b61facb304?utm_source=Simplify&ref=Simplify
Walrus,https://simplify.jobs/c/Walrus?utm_source=GHList&utm_medium=company
,https://jobs.ashbyhq.com/walrusfi/99c93c0e-ed9a-4e41-862a-0cdbe71d7d54?utm_source=Simplify&ref=Simplify
CVS Health,https://simplify.jobs/c/CVS-Health?utm_source=GHList&utm_medium=company
,https://cvshealth.wd1.myworkdayjobs.com/CVS_Health_Careers/job/CT---Hartford/InnoTech-Engineering-Internship--Graduate----Summer-2026_R0780252?utm_source=Simplify&ref=Simplify
,https://simplify.jobs/p/47d07269-da73-451e-a196-fb435875c03a?utm_source=GHList
,https://cvshealth.wd1.myworkdayjobs.com/CVS_Health_Careers/job/NY---New-York/Software-Engineering-Undergraduate-Internship---Summer-2026_R0752621?utm_source=Simplify&ref=Simplify
,https://simplify.jobs/p/c70854ea-5eb4-4b72-8464-5f1f0dfc3559?utm_source=GHList
,https://cvshealth.wd1.myworkdayjobs.com/CVS_Health_Careers/job/NY---New-York/Software-Engineering-Graduate-Internship---Summer-2026_R0752527?utm_source=Simplify&ref=Simplify
,https://simplify.jobs/p/aba55c61-7092-4510-abfe-1b0bae49da6b?utm_source=GHList
,https://cvshealth.wd1.myworkdayjobs.com/CVS_Health_Careers/job/CT---Hartford/InnoTech-Engineering-Internship--Undergraduate----Summer-2026_R0780249?utm_source=Simplify&ref=Simplify
,https://simplify.jobs/p/7910a08e-f15d-46e0-99ad-b7fb95ebc73d?utm_source=GHList
Match Group,https://simplify.jobs/c/Match-Group?utm_source=GHList&utm_medium=company
,https://jobs.lever.co/matchgroup/178e6f99-ddbb-43e1-9e4c-fe2b524e0861/apply?utm_source=Simplify&ref=Simplify
,https://simplify.jobs/p/2f03be30-2ae4-4583-8d1c-f49c7741acc3?utm_source=GHList
,https://jobs.lever.co/matchgroup/724734f1-b60b-49ae-8905-8663de76ad7a/apply?utm_source=Simplify&ref=Simplify
,https://simplify.jobs/p/961f15c1-bb81-426d-bcea-1a3c42e8a7aa?utm_source=GHList
"Findhelp, A Public Benefit Corporation",https://simplify.jobs/c/Findhelp-A-Public-Benefit-Corporation?utm_source=GHList&utm_medium=company
,https://jobs.lever.co/findhelp/651c32a0-195e-4db7-9ad7-cccbd58f8975/apply?utm_source=Simplify&ref=Simplify
,https://simplify.jobs/p/f96c5e3a-9af5-4989-b3a3-6a0404e49450?utm_source=GHList
Trimble,https://simplify.jobs/c/Trimble?utm_source=GHList&utm_medium=company
,https://trimble.wd1.myworkdayjobs.com/en-US/TrimbleCareers/job/US---OH-Dayton/Software-Engineering-Intern_R53099?utm_source=Simplify&ref=Simplify
,https://simplify.jobs/p/aaaa3fc4-0b0a-499f-8b3f-84bc71097953?utm_source=GHList
NinjaTrader,https://simplify.jobs/c/NinjaTrader?utm_source=GHList&utm_medium=company
,https://ninjatrader.com/careers/internships/?gh_jid=4613350006&utm_source=Simplify&ref=Simplify
,https://simplify.jobs/p/3288a08a-f16e-43ad-8f48-55b75ca30702?utm_source=GHList
Oracle,https://simplify.jobs/c/Oracle?utm_source=GHList&utm_medium=company
,https://eeho.fa.us2.oraclecloud.com/hcmUI/CandidateExperience/en/sites/CX_45001/job/316177?utm_source=Simplify&ref=Simplify
,https://simplify.jobs/p/bf3df0a0-8eef-4591-a296-25341e323a59?utm_source=GHList
Rivian,https://simplify.jobs/c/Rivian?utm_source=GHList&utm_medium=company
,https://careers.rivian.com/jobs/27352?lang=en-us&icims=1&utm_source=Simplify&ref=Simplify
,https://simplify.jobs/p/ac6e6559-ac5f-452b-bd58-61a646674c5f?utm_source=GHList
Curtiss-Wright Corporation,https://simplify.jobs/c/Curtiss-Wright?utm_source=GHList&utm_medium=company
,https://curtisswright.wd1.myworkdayjobs.com/cw_external_career_site/job/US-OH-Brecksville-Farris/Product-Engineer-Intern-Co-op--Summer-2026-_JR10411?utm_source=Simplify&ref=Simplify
,https://simplify.jobs/p/bfe2b997-1efc-4500-8d8b-be33ca34e084?utm_source=GHList
,https://curtisswright.wd1.myworkdayjobs.com/cw_external_career_site/job/US-OH-Brecksville-Farris/Product-Engineer-Intern-Co-op--Summer-2026-_JR10412?utm_source=Simplify&ref=Simplify
,https://simplify.jobs/p/45bd74b7-6770-46b8-92b4-08ebc5fb6547?utm_source=GHList
Aechelon Technology,https://simplify.jobs/c/Aechelon-Technology?utm_source=GHList&utm_medium=company
,https://job-boards.greenhouse.io/aechelontechnology/jobs/4904960008?utm_source=Simplify&ref=Simplify
,https://simplify.jobs/p/9082da61-057b-4091-9ce6-2092cb662419?utm_source=GHList
NinjaTrader,https://simplify.jobs/c/NinjaTrader?utm_source=GHList&utm_medium=company
,https://ninjatrader.com/careers/internships/?gh_jid=4613356006&utm_source=Simplify&ref=Simplify
,https://simplify.jobs/p/f3867e02-1e7e-45d1-aa2e-9ad4d9ea18c8?utm_source=GHList
,https://ninjatrader.com/careers/internships/?gh_jid=4613355006&utm_source=Simplify&ref=Simplify
,https://simplify.jobs/p/ad268ad1-eb94-43eb-b46f-fd1fc44b7646?utm_source=GHList
The Aerospace Corporation,https://simplify.jobs/c/The-Aerospace-Corporation?utm_source=GHList&utm_medium=company
,https://aero.wd5.myworkdayjobs.com/external/job/Colorado-Springs-CO/XMLNAME-2026-Software-Integration-Engineer-Grad-Intern_R014034?utm_source=Simplify&ref=Simplify
,https://simplify.jobs/p/da8914dd-354d-488f-81ba-9645d2b6693c?utm_source=GHList
KBR,https://simplify.jobs/c/KBR?utm_source=GHList&utm_medium=company
,https://kbr.wd5.myworkdayjobs.com/en-US/KBR_Careers/job/Silver-Spring-Maryland/Software-Application-Developer-Intern-for-GOES-R-Series-Satellites_R2115543?utm_source=Simplify&ref=Simplify
,https://jobs.ashbyhq.com/mechanize/d148d54f-6db7-4c28-9699-0304596f554e?utm_source=Simplify&ref=Simplify
Skydio,https://simplify.jobs/c/Skydio?utm_source=GHList&utm_medium=company
,https://www.skydio.com/jobs/7494672003?gh_jid=7494672003&utm_source=Simplify&ref=Simplify
,https://simplify.jobs/p/fbf47c69-385d-4a70-b29b-ef7c60aa48bc?utm_source=GHList
IXL Learning,https://simplify.jobs/c/IXL-Learning?utm_source=GHList&utm_medium=company
,https://www.ixl.com/company/jobs?gh_jid=8299967002&utm_source=Simplify&ref=Simplify
,https://simplify.jobs/p/9444b0da-c696-47b4-8878-1ba70fc46bd1?utm_source=GHList
,https://www.ixl.com/company/jobs?gh_jid=8299953002&utm_source=Simplify&ref=Simplify
,https://simplify.jobs/p/364aebbb-9018-40dd-9592-7917b201b662?utm_source=GHList
Zebra Technologies,https://simplify.jobs/c/Zebra-Technologies?utm_source=GHList&utm_medium=company
,https://zebra.eightfold.ai/careers/job/343636218622?utm_source=Simplify&ref=Simplify
,https://simplify.jobs/p/760cd1f6-a7f1-4233-bd35-2285763c6d4d?utm_source=GHList
Hunt Oil Company,https://simplify.jobs/c/Hunt-Oil-Company?utm_source=GHList&utm_medium=company
,https://fa-eqcd-saasfaprod1.fa.ocs.oraclecloud.com/hcmUI/CandidateExperience/en/sites/CX_1/job/840?utm_source=Simplify&ref=Simplify
,https://simplify.jobs/p/42ca1a56-d438-4334-8a38-e70ca7011e06?utm_source=GHList
Electronic Arts,https://simplify.jobs/c/Electronic-Arts?utm_source=GHList&utm_medium=company
,https://jobs.ea.com/en_US/careers/JobDetail/Software-Engineer-Co-Op-A-Team-8-Months/210895?utm_source=Simplify&ref=Simplify
,https://simplify.jobs/p/f33b92e7-4652-4d35-8e5f-6d4f96777ce4?utm_source=GHList
FOX,https://simplify.jobs/c/Fox?utm_source=GHList&utm_medium=company
,https://fox.wd1.myworkdayjobs.com/Domestic/job/Chicago-Illinois-USA/Summer-2026-Big-Ten-Network-Internship-Program---Chicago_R50030602?utm_source=Simplify&ref=Simplify
,https://simplify.jobs/p/8dab82b6-50ba-44f3-9b49-bf7b99fd091d?utm_source=GHList
Major League Baseball,https://simplify.jobs/c/MLB?utm_source=GHList&utm_medium=company
,https://www.mlb.com/careers/opportunities?gh_jid=7389240&utm_source=Simplify&ref=Simplify
,https://simplify.jobs/p/b25ffade-bc5e-437b-8102-0d1289ec1752?utm_source=GHList
Apex Fintech Solutions,https://simplify.jobs/c/Apex-Fintech-Solutions?utm_source=GHList&utm_medium=company
,https://peak6group.wd1.myworkdayjobs.com/apexfintechsolutions/job/Austin-TX/Software-Engineering-Intern--Cash-_JR103863?utm_source=Simplify&ref=Simplify
,https://simplify.jobs/p/9e167e5f-41d4-43bf-ab28-7c15f77b3f0c?utm_source=GHList
Electronic Arts,https://simplify.jobs/c/Electronic-Arts?utm_source=GHList&utm_medium=company
,https://jobs.ea.com/en_US/careers/JobDetail/Systems-Software-Engineer-Co-op/210903?utm_source=Simplify&ref=Simplify
,https://simplify.jobs/p/2c68beff-17b4-49bf-be43-e1992d4ca5dd?utm_source=GHList
Illumio,https://simplify.jobs/c/Illumio?utm_source=GHList&utm_medium=company
,https://jobs.ashbyhq.com/illumio/b2e55528-205c-47e8-8695-915dacbc6503/application?utm_source=Simplify&ref=Simplify
,https://simplify.jobs/p/18d93af4-5688-4d1f-aeb7-ee2d29b83b7d?utm_source=GHList
Octaura,https://simplify.jobs/c/Octaura?utm_source=GHList&utm_medium=company
,https://job-boards.greenhouse.io/octaura/jobs/4662934007?utm_source=Simplify&ref=Simplify
,https://simplify.jobs/p/3ea65aaa-0297-4b8f-9378-51e35478fb95?utm_source=GHList
Cadence Design Systems,https://simplify.jobs/c/Cadence-Design-Systems?utm_source=GHList&utm_medium=company
,https://cadence.wd1.myworkdayjobs.com/External_Careers/job/SAN-JOSE/Software-Intern--Summer--Synthesis-_R51923-1?utm_source=Simplify&ref=Simplify
,https://simplify.jobs/p/051bf690-66c8-44da-b903-b0a3907c8324?utm_source=GHList
UiPath,https://simplify.jobs/c/UiPath?utm_source=GHList&utm_medium=company
,https://jobs.ashbyhq.com/uipath/dd678df8-91e3-468f-874e-f669dfc1e668/application?utm_source=Simplify&ref=Simplify
,https://simplify.jobs/p/28b555d5-fd46-41a9-a945-6a8a67893845?utm_source=GHList
,https://jobs.ashbyhq.com/anima/86ddfd6e-6aee-4ded-b9d0-440608763fb0?utm_source=Simplify&ref=Simplify
,https://uscareers-docusign.icims.com/jobs/28179/software-engineer-intern/job?utm_source=Simplify&ref=Simplify
Skydio,https://simplify.jobs/c/Skydio?utm_source=GHList&utm_medium=company
,https://www.skydio.com/jobs/7494622003?gh_jid=7494622003&utm_source=Simplify&ref=Simplify
,https://simplify.jobs/p/bc332039-aec8-47fe-bed9-885cbd6867af?utm_source=GHList
ByteDance,https://simplify.jobs/c/ByteDance?utm_source=GHList&utm_medium=company
,https://jobs.bytedance.com/en/position/7564516412456306997/detail?utm_source=Simplify&ref=Simplify
,https://simplify.jobs/p/ce80bcf6-6d8c-468a-9fec-fb8418fd27af?utm_source=GHList
Rivian,https://simplify.jobs/c/Rivian?utm_source=GHList&utm_medium=company
,https://careers.rivian.com/jobs/27486?lang=en-us&icims=1&utm_source=Simplify&ref=Simplify
,https://simplify.jobs/p/1e32dd6a-0978-4f67-988e-1315eb98f2f0?utm_source=GHList
,https://careers.rivian.com/jobs/27482?lang=en-us&icims=1&utm_source=Simplify&ref=Simplify
,https://simplify.jobs/p/491941ea-37fc-499e-8ef2-afffe4d90761?utm_source=GHList
Lifeway,https://simplify.jobs/c/Lifeway?utm_source=GHList&utm_medium=company
,https://hq-lifeway.icims.com/jobs/26908/job?mobile=true&needsRedirect=false&utm_source=Simplify&ref=Simplify
,https://simplify.jobs/p/a4d021fc-c379-4f45-a496-8915f8070698?utm_source=GHList
Great American Insurance Company,https://simplify.jobs/c/Great-American-Insurance-Company?utm_source=GHList&utm_medium=company
,https://gaig.wd1.myworkdayjobs.com/GAIG_External/job/Cincinnati-OH-USA/RPA-Automation-Developer-Intern_R8206?utm_source=Simplify&ref=Simplify
,https://simplify.jobs/p/6e3cef00-04f4-42b8-bb64-7d9653cff91e?utm_source=GHList
,https://jobs.baesystems.com/global/en/job/BAE1US118298BREXTERNAL/Software-Engineering-Intern-Internal-Tools-2026-hybrid?utm_source=Simplify&ref=Simplify
Brilliant,https://simplify.jobs/c/BrilliantOrg?utm_source=GHList&utm_medium=company
,https://jobs.lever.co/brilliant/d656fa4c-ec13-477f-96ea-3b22c4300dd9/apply?utm_source=Simplify&ref=Simplify
,https://simplify.jobs/p/a4861fa0-0e1b-4d13-ab0c-43389445a4c0?utm_source=GHList
Nokia,https://simplify.jobs/c/Nokia?utm_source=GHList&utm_medium=company
,https://fa-evmr-saasfaprod1.fa.ocs.oraclecloud.com/hcmUI/CandidateExperience/en/sites/CX_1/job/26503?utm_source=Simplify&ref=Simplify
,https://simplify.jobs/p/b49ae61a-9438-43b3-919c-deb71f25d573?utm_source=GHList
Sun Life,https://simplify.jobs/c/Sun-Life?utm_source=GHList&utm_medium=company
,https://sunlife.wd3.myworkdayjobs.com/en-US/Campus/job/Wellesley-Hills-Massachusetts/IT-Delivery--Foundational-Integration---Summer-2026-Intern_JR00117213?utm_source=Simplify&ref=Simplify
,https://simplify.jobs/p/bb6ea72f-ebbd-4cc5-b42b-3f40b9180180?utm_source=GHList
Great American Insurance Company,https://simplify.jobs/c/Great-American-Insurance-Company?utm_source=GHList&utm_medium=company
,https://gaig.wd1.myworkdayjobs.com/GAIG_External/job/Cincinnati-OH-USA/Extreme-Programming-Engineer-Intern_R8195?utm_source=Simplify&ref=Simplify
,https://simplify.jobs/p/80762e32-08ea-4d8e-b3ee-54dfcbb71a11?utm_source=GHList
Goodnotes,https://simplify.jobs/c/Goodnotes?utm_source=GHList&utm_medium=company
,https://job-boards.greenhouse.io/gntemp/jobs/5654826004?utm_source=Simplify&ref=Simplify
,https://simplify.jobs/p/3596b3b6-07cc-4361-92eb-5828736cb33c?utm_source=GHList
AbbVie,https://simplify.jobs/c/AbbVie?utm_source=GHList&utm_medium=company
,https://jobs.smartrecruiters.com/AbbVie/3743990010279276?utm_source=Simplify&ref=Simplify
,https://simplify.jobs/p/0f6a582d-7f1c-44b7-80e4-5c1d2953aaea?utm_source=GHList
,https://jobs.smartrecruiters.com/AbbVie/3743990010279234?utm_source=Simplify&ref=Simplify
,https://simplify.jobs/p/02a1f388-8e1a-47f3-bc7a-305320591356?utm_source=GHList
Visa,https://simplify.jobs/c/Visa?utm_source=GHList&utm_medium=company
,https://jobs.smartrecruiters.com/Visa/744000093261367?utm_source=Simplify&ref=Simplify
,https://simplify.jobs/p/a010f1f2-6a04-4d2b-8281-df27a33235b0?utm_source=GHList
GM financial,https://simplify.jobs/c/GM-Financial?utm_source=GHList&utm_medium=company
,https://fa-exvu-saasfaprod1.fa.ocs.oraclecloud.com/hcmUI/CandidateExperience/en/sites/CX_1/job/1251?utm_source=Simplify&ref=Simplify
,https://simplify.jobs/p/00f33303-7f26-4c9d-b67f-fe9ceaea12a9?utm_source=GHList
Circle,https://simplify.jobs/c/Circle?utm_source=GHList&utm_medium=company
,https://careers.circle.com/us/en/job/JR100188-EG?utm_source=Simplify&ref=Simplify
,https://simplify.jobs/p/fa6fc6f1-0229-4662-b22d-d677ce7bef54?utm_source=GHList
Zscaler,https://simplify.jobs/c/Zscaler?utm_source=GHList&utm_medium=company
,https://job-boards.greenhouse.io/zscaler/jobs/4976260007?utm_source=Simplify&ref=Simplify
,https://simplify.jobs/p/88241b63-f7bf-49b2-a440-a4df05962d9e?utm_source=GHList
Benchling,https://simplify.jobs/c/Benchling?utm_source=GHList&utm_medium=company
,https://boards.greenhouse.io/benchling/jobs/7362703?utm_source=Simplify&ref=Simplify
,https://simplify.jobs/p/2d348279-7cf6-414f-8316-49337617bcbe?utm_source=GHList
Bandwidth,https://simplify.jobs/c/Bandwidth?utm_source=GHList&utm_medium=company
,https://job-boards.greenhouse.io/bandwidth/jobs/7386207?utm_source=Simplify&ref=Simplify
,https://simplify.jobs/p/1c17dff2-4c14-4db9-b785-e3b9bc1711b1?utm_source=GHList
ABB,https://simplify.jobs/c/ABB?utm_source=GHList&utm_medium=company
,https://abb.wd3.myworkdayjobs.com/external_career_page/job/USA-NC-Cary/Software-Engineering-Intern--Summer-2026_JR00015149?utm_source=Simplify&ref=Simplify
,https://simplify.jobs/p/3fe37166-4ee1-4873-ba04-bc1766c4335b?utm_source=GHList
Ensign-Bickford Aerospace & Defense Company,https://simplify.jobs/c/Ensign-Bickford-Aerospace-Defense-Company?utm_source=GHList&utm_medium=company
,https://ebi.wd5.myworkdayjobs.com/ebadcareers/job/Simsbury-CT/Product-Engineer-Intern_REQ106841?utm_source=Simplify&ref=Simplify
,https://simplify.jobs/p/a29a7518-593e-4963-8d0a-43cc64c1e913?utm_source=GHList
HP IQ,https://simplify.jobs/c/HP-IQ?utm_source=GHList&utm_medium=company
,https://job-boards.greenhouse.io/hpiq/jobs/5622481004?utm_source=Simplify&ref=Simplify
,https://simplify.jobs/p/e18ae66f-d88d-4ba5-a8d1-7fd66e59f0fd?utm_source=GHList
Great American Insurance Company,https://simplify.jobs/c/Great-American-Insurance-Company?utm_source=GHList&utm_medium=company
,https://gaig.wd1.myworkdayjobs.com/GAIG_External/job/Cincinnati-OH-USA/Data-Application-Engineering-Intern_R8182?utm_source=Simplify&ref=Simplify
,https://simplify.jobs/p/4b8da79b-dbc0-42f6-b553-fe841e464349?utm_source=GHList
,https://gaig.wd1.myworkdayjobs.com/GAIG_External/job/Cincinnati-OH-USA/Content-Publishing-2026-Developer-Intern_R8170?utm_source=Simplify&ref=Simplify
,https://simplify.jobs/p/333fbdbe-97c6-4f4e-8d02-5a560566fa9c?utm_source=GHList
Zoox,https://simplify.jobs/c/Zoox?utm_source=GHList&utm_medium=company
,https://jobs.lever.co/zoox/f318f39e-c089-4240-b341-ebb021d86b4f/apply?utm_source=Simplify&ref=Simplify
,https://simplify.jobs/p/bf82a24d-1b6b-49d1-b53a-831f1004df21?utm_source=GHList
Bandwidth,https://simplify.jobs/c/Bandwidth?utm_source=GHList&utm_medium=company
,https://job-boards.greenhouse.io/bandwidth/jobs/7380729?utm_source=Simplify&ref=Simplify
,https://simplify.jobs/p/73c72c9b-097d-4be3-8ebc-4ede0626d13b?utm_source=GHList
,https://job-boards.greenhouse.io/bandwidth/jobs/7380793?utm_source=Simplify&ref=Simplify
,https://simplify.jobs/p/ecb475a4-60e0-47b8-95e5-7c39fd2f317b?utm_source=GHList
,https://job-boards.greenhouse.io/bandwidth/jobs/7380787?utm_source=Simplify&ref=Simplify
,https://simplify.jobs/p/9fedfe0c-81ed-469d-8c60-7704bcfab480?utm_source=GHList
,https://job-boards.greenhouse.io/bandwidth/jobs/7380737?utm_source=Simplify&ref=Simplify
,https://simplify.jobs/p/4ee17e18-d579-470f-992b-f624d72e324d?utm_source=GHList
,https://job-boards.greenhouse.io/bandwidth/jobs/7380742?utm_source=Simplify&ref=Simplify
,https://simplify.jobs/p/a5b90a84-c9eb-4b41-85ea-681fee3be61f?utm_source=GHList
,https://job-boards.greenhouse.io/bandwidth/jobs/7380723?utm_source=Simplify&ref=Simplify
,https://simplify.jobs/p/44336dba-81d0-4a74-b280-ab7e392ab716?utm_source=GHList
Ramp,https://simplify.jobs/c/Ramp?utm_source=GHList&utm_medium=company
,https://jobs.ashbyhq.com/ramp/ccb1aca4-79ac-414b-b7d8-bc908c575ef1/application?utm_source=Simplify&ref=Simplify
,https://simplify.jobs/p/e6dcb022-9baa-4899-9885-73d239ca65ff?utm_source=GHList
Wing,https://simplify.jobs/c/Wing?utm_source=GHList&utm_medium=company
,https://wing.com/careers/8236066002?gh_jid=8236066002&utm_source=Simplify&ref=Simplify
,https://simplify.jobs/p/84fa84c1-2c08-46d2-9044-0d29403efa25?utm_source=GHList
MongoDB,https://simplify.jobs/c/MongoDB?utm_source=GHList&utm_medium=company
,https://www.mongodb.com/careers/job/?gh_jid=7292730&utm_source=Simplify&ref=Simplify
,https://simplify.jobs/p/01fcf3ba-25df-4f55-8ebf-1c5e0de3c901?utm_source=GHList
Adobe,https://simplify.jobs/c/Adobe?utm_source=GHList&utm_medium=company
,https://adobe.wd5.myworkdayjobs.com/external_experienced/job/San-Jose/XMLNAME-2026-AI-ML-Intern---Software-Engineer-Intern_R160473?utm_source=Simplify&ref=Simplify
,https://simplify.jobs/p/88592736-40ee-46f9-ae69-abef9e3f1ce8?utm_source=GHList
Rivian,https://simplify.jobs/c/Rivian?utm_source=GHList&utm_medium=company
,https://careers.rivian.com/jobs/27405?lang=en-us&icims=1&utm_source=Simplify&ref=Simplify
,https://simplify.jobs/p/946d18f4-0f6d-42e8-9e24-63f8a25b96c6?utm_source=GHList
Allegion,https://simplify.jobs/c/Allegion?utm_source=GHList&utm_medium=company
,https://allegion.wd5.myworkdayjobs.com/careers/job/Golden-CO/Software-Engineering-Intern_JR34375-1?utm_source=Simplify&ref=Simplify
,https://simplify.jobs/p/5eec9341-7ee5-43b8-83f5-57dd5c8e81de?utm_source=GHList
MongoDB,https://simplify.jobs/c/MongoDB?utm_source=GHList&utm_medium=company
,https://www.mongodb.com/careers/job/?gh_jid=7335932&utm_source=Simplify&ref=Simplify
,https://simplify.jobs/p/7a2b974a-a6d8-4c79-8069-8dab9801cdf8?utm_source=GHList
NimbleRx,https://simplify.jobs/c/NimbleRx?utm_source=GHList&utm_medium=company
,https://jobs.lever.co/nimblerx/0e03bf8c-ef8d-4bcf-8395-9f1782af7cb7/apply?utm_source=Simplify&ref=Simplify
,https://simplify.jobs/p/b93b0e3a-231e-4194-a30a-97a391affa9b?utm_source=GHList
Helsing,https://simplify.jobs/c/Helsing?utm_source=GHList&utm_medium=company
,https://helsing.ai/jobs/4703320101?gh_jid=4703320101&utm_source=Simplify&ref=Simplify
,https://simplify.jobs/p/de6d04d1-3712-460a-a3e2-71c34a02a147?utm_source=GHList
,https://jobs.baesystems.com/global/en/job/BAE1US117813BREXTERNAL/Software-Engineering-Intern-Summer-2026?utm_source=Simplify&ref=Simplify
,https://jobs.baesystems.com/global/en/job/BAE1US118005BREXTERNAL/Software-Engineering-Intern-I-Summer-2026?utm_source=Simplify&ref=Simplify
,https://jobs.baesystems.com/global/en/job/BAE1US118008BREXTERNAL/Software-Engineering-Intern-II-Summer-2026?utm_source=Simplify&ref=Simplify
,https://jobs.baesystems.com/global/en/job/BAE1US118009BREXTERNAL/Software-Engineering-Intern-III-Summer-2026?utm_source=Simplify&ref=Simplify
,https://jobs.baesystems.com/global/en/job/BAE1US118035BREXTERNAL/Software-Engineering-Intern-IV-Summer-2026?utm_source=Simplify&ref=Simplify
Trimble,https://simplify.jobs/c/Trimble?utm_source=GHList&utm_medium=company
,https://trimble.wd1.myworkdayjobs.com/en-US/TrimbleCareers/job/US---Portsmouth-NH/Software-Engineering-Intern---Summer-2026_R52277?utm_source=Simplify&ref=Simplify
,https://simplify.jobs/p/3c3ff8c2-d41e-44bf-a592-ef41cb36dc11?utm_source=GHList
Schweitzer Engineering Laboratories,https://simplify.jobs/c/SEL?utm_source=GHList&utm_medium=company
,https://selinc.wd1.myworkdayjobs.com/SEL/job/Pullman---Zocholl-2/Software-Engineer-Intern_2025-18456?utm_source=Simplify&ref=Simplify
,https://simplify.jobs/p/33f151ea-0a8c-4291-aa59-3a4d6f286a0f?utm_source=GHList
,https://selinc.wd1.myworkdayjobs.com/SEL/job/Washington---Spokane-Valley/Software-Engineer-Intern_2025-18557?utm_source=Simplify&ref=Simplify
,https://simplify.jobs/p/7507d1e9-e50f-46c7-a886-f7f73763eb60?utm_source=GHList
Anduril,https://simplify.jobs/c/Anduril?utm_source=GHList&utm_medium=company
,https://boards.greenhouse.io/andurilindustries/jobs/4830565007?utm_source=Simplify&ref=Simplify
,https://simplify.jobs/p/979a40e8-69d2-4348-afc7-797cb9f905de?utm_source=GHList
NimbleRx,https://simplify.jobs/c/NimbleRx?utm_source=GHList&utm_medium=company
,https://jobs.lever.co/nimblerx/ceea467c-75bb-4822-b5d5-4c2fae2c3264/apply?utm_source=Simplify&ref=Simplify
,https://simplify.jobs/p/bfe5a866-a12e-4469-b8b1-a420537986ea?utm_source=GHList
Layup Parts,https://simplify.jobs/c/Layup-Parts?utm_source=GHList&utm_medium=company
,https://jobs.lever.co/layup/0b42f7ad-ebdc-4b4a-8fe6-47640f6dba53/apply?utm_source=Simplify&ref=Simplify
,https://simplify.jobs/p/c4a9beb0-b616-4c71-a7ec-ea8276002b31?utm_source=GHList
CIBC,https://simplify.jobs/c/CIBC?utm_source=GHList&utm_medium=company
,https://cibc.wd3.myworkdayjobs.com/search/job/Chicago-IL/XMLNAME-2026-Summer-Intern---Software-Engineer_2523686-1?utm_source=Simplify&ref=Simplify
,https://simplify.jobs/p/a2fb2dfa-0057-4d75-afaa-da533d6a7e2a?utm_source=GHList
RESPEC,https://simplify.jobs/c/RESPEC?utm_source=GHList&utm_medium=company
,https://jobs.smartrecruiters.com/RESPECInc/744000091427095?utm_source=Simplify&ref=Simplify
,https://simplify.jobs/p/1d5e6788-233c-4813-853d-9ceab54ac771?utm_source=GHList
AbbVie,https://simplify.jobs/c/AbbVie?utm_source=GHList&utm_medium=company
,https://jobs.smartrecruiters.com/AbbVie/3743990010092486?utm_source=Simplify&ref=Simplify
,https://simplify.jobs/p/399e8643-0cc1-4039-838a-ae11d8827c28?utm_source=GHList
Highmark Health,https://simplify.jobs/c/Highmark-Health?utm_source=GHList&utm_medium=company
,https://highmarkhealth.wd1.myworkdayjobs.com/highmark/job/PA-Working-at-Home---Pennsylvania/Summer-2026-Software-Engineer-Architect---Python-Graduate-Intern_J270835?utm_source=Simplify&ref=Simplify
,https://simplify.jobs/p/f2f75ff6-3d77-4596-b097-9556fc8aed55?utm_source=GHList
,https://highmarkhealth.wd1.myworkdayjobs.com/highmark/job/PA-Working-at-Home---Pennsylvania/Sumer-2026-Software-Engineer-Graduate-Intern_J270859?utm_source=Simplify&ref=Simplify
,https://simplify.jobs/p/e8679950-b678-4bf2-98bc-69c23bfb8fa1?utm_source=GHList
Synchrony Financial,https://simplify.jobs/c/Synchrony-Financial?utm_source=GHList&utm_medium=company
,https://synchronyfinancial.wd5.myworkdayjobs.com/careers/job/Stamford-Site/UConn-Stamford-Digital-Technology-Center-Intern---Summer-2026_2503437?utm_source=Simplify&ref=Simplify
,https://simplify.jobs/p/d9df2609-5220-4c12-8f19-80fcc8ea7e96?utm_source=GHList
Delta Dental,https://simplify.jobs/c/Delta-Dental?utm_source=GHList&utm_medium=company
,https://rhsc.wd5.myworkdayjobs.com/delta_dental_of_michigan/job/Okemos-MI/Internship--Application-Development_JR101034?utm_source=Simplify&ref=Simplify
,https://simplify.jobs/p/8640b883-0fa3-403c-966d-954e5413553a?utm_source=GHList
ByteDance,https://simplify.jobs/c/ByteDance?utm_source=GHList&utm_medium=company
,https://jobs.bytedance.com/en/position/7566004021857749301/detail?utm_source=Simplify&ref=Simplify
,https://simplify.jobs/p/f655df44-171a-48cf-bb5b-a6c91138fb1b?utm_source=GHList
Tria Federal,https://simplify.jobs/c/Tria-Federal?utm_source=GHList&utm_medium=company
,https://triafed.com/jobs/?gh_jid=4972490008&utm_source=Simplify&ref=Simplify
,https://simplify.jobs/p/f2c7bd62-5f5e-4376-8410-e4f70c648241?utm_source=GHList
Motorola,https://simplify.jobs/c/MotorolaSolutions?utm_source=GHList&utm_medium=company
,https://motorolasolutions.wd5.myworkdayjobs.com/Careers/job/Schaumburg-IL/North-America-Solutions-Deployment---Integration--NA-SDI--Engineering-Operations-Summer-Intern--2026_R58725?utm_source=Simplify&ref=Simplify
,https://simplify.jobs/p/73003e55-1891-44d5-9b6e-d31f4ae759f0?utm_source=GHList
Seagate Technology ,https://simplify.jobs/c/Seagate-Technology?utm_source=GHList&utm_medium=company
,https://seagatecareers.com/job/Shakopee-Computer-Science-Engineering-Team-Internship-Summer-2026-MN/1339469700/?ats=successfactors&utm_source=Simplify&ref=Simplify
,https://simplify.jobs/p/fd67504d-4ef9-4e6c-b744-de4396b12cbf?utm_source=GHList
Axon,https://simplify.jobs/c/Axon?utm_source=GHList&utm_medium=company
,https://job-boards.greenhouse.io/axontalentcommunity/jobs/7176633003?utm_source=Simplify&ref=Simplify
,https://simplify.jobs/p/f184965a-e5c3-4faa-94e7-b23a9f3496c6?utm_source=GHList
Intuit,https://simplify.jobs/c/Intuit?utm_source=GHList&utm_medium=company
,https://jobs.intuit.com/job/mountain-view/summer-2026-full-stack-engineering-intern/27595/87369451136?utm_source=Simplify&ref=Simplify
,https://simplify.jobs/p/77442acb-a668-49ec-8651-097af3fb2c5d?utm_source=GHList
Oracle,https://simplify.jobs/c/Oracle?utm_source=GHList&utm_medium=company
,https://eeho.fa.us2.oraclecloud.com/hcmUI/CandidateExperience/en/sites/CX_45001/job/312194?utm_source=Simplify&ref=Simplify
,https://simplify.jobs/p/92a5399f-b522-4c9e-9a9f-12f28ab2f987?utm_source=GHList
Axon,https://simplify.jobs/c/Axon?utm_source=GHList&utm_medium=company
,https://job-boards.greenhouse.io/axontalentcommunity/jobs/7122432003?utm_source=Simplify&ref=Simplify
,https://simplify.jobs/p/c8c507d6-167f-48b5-ad00-bae916e5386f?utm_source=GHList
,https://job-boards.greenhouse.io/axontalentcommunity/jobs/7455338003?utm_source=Simplify&ref=Simplify
,https://simplify.jobs/p/207bc6eb-6fda-4620-9fd9-5c898e70ec29?utm_source=GHList
Epic Games,https://simplify.jobs/c/Epic-Games?utm_source=GHList&utm_medium=company
,https://epicgames.com/careers/jobs/5663908004?gh_jid=5663908004&utm_source=Simplify&ref=Simplify
,https://simplify.jobs/p/65e900bf-755a-4667-a0f1-c30133c871a4?utm_source=GHList
Genuine Parts Company,https://simplify.jobs/c/Genuine-Parts-Company?utm_source=GHList&utm_medium=company
,https://genpt.wd1.myworkdayjobs.com/Careers/job/Birmingham-AL-USA/Marketing-Technology-Intern_R25_0000032845?utm_source=Simplify&ref=Simplify
,https://simplify.jobs/p/a0817273-da03-4ada-a1a9-df724e119949?utm_source=GHList
TikTok,https://simplify.jobs/c/TikTok?utm_source=GHList&utm_medium=company
,https://lifeattiktok.com/search/7545582832366995719?utm_source=Simplify&ref=Simplify
,https://simplify.jobs/p/ec054162-dd36-405e-aee4-8db3a900ec91?utm_source=GHList
Honeywell,https://simplify.jobs/c/Honeywell?utm_source=GHList&utm_medium=company
,https://ibqbjb.fa.ocs.oraclecloud.com/hcmUI/CandidateExperience/en/sites/Honeywell/job/113495?utm_source=Simplify&ref=Simplify
,https://simplify.jobs/p/192bc230-7f86-4397-abd9-63f96f911ed5?utm_source=GHList
Electronic Arts,https://simplify.jobs/c/Electronic-Arts?utm_source=GHList&utm_medium=company
,https://jobs.ea.com/en_US/careers/JobDetail/Software-Engineer-Intern-Rendering/211108?utm_source=Simplify&ref=Simplify
,https://simplify.jobs/p/320e2574-7767-4e6d-94fd-7b2a2784ba31?utm_source=GHList
Kensho,https://simplify.jobs/c/Kensho?utm_source=GHList&utm_medium=company
,https://spgi.wd5.myworkdayjobs.com/Kensho_Careers/job/New-York-NY/Software-Engineer-Intern---Summer-2026_319680-1?utm_source=Simplify&ref=Simplify
,https://simplify.jobs/p/944a9800-9b16-4def-8466-60f0965711dc?utm_source=GHList
Epic Games,https://simplify.jobs/c/Epic-Games?utm_source=GHList&utm_medium=company
,https://epicgames.com/careers/jobs/5672029004?gh_jid=5672029004&utm_source=Simplify&ref=Simplify
,https://simplify.jobs/p/ee85ca25-9af3-4125-9902-f29e32ac04db?utm_source=GHList
Rivian,https://simplify.jobs/c/Rivian?utm_source=GHList&utm_medium=company
,https://careers.rivian.com/jobs/27208?lang=en-us&icims=1&utm_source=Simplify&ref=Simplify
,https://simplify.jobs/p/c6abf99f-9fad-42a6-ac72-75e640c81588?utm_source=GHList
Obsidian Entertainment,https://simplify.jobs/c/Obsidian-Entertainment?utm_source=GHList&utm_medium=company
,https://obsidian.applytojob.com/apply/E4nXwgoyfz/Core-Tech-Engineer-2026-Summer-Internship?utm_source=Simplify&ref=Simplify
,https://simplify.jobs/p/e7fe5b53-4d4b-45f2-9ae8-37fa51658c5d?utm_source=GHList
Lumafield,https://simplify.jobs/c/Lumafield?utm_source=GHList&utm_medium=company
,https://jobs.lever.co/lumafield/31ad9f03-e4b8-457e-b5db-bab461a4419b/apply?utm_source=Simplify&ref=Simplify
,https://simplify.jobs/p/22673c04-7162-46c9-9ab4-e7b815ddb636?utm_source=GHList
Bedrock Robotics,https://simplify.jobs/c/Bedrock-Robotics?utm_source=GHList&utm_medium=company
,https://job-boards.greenhouse.io/bedrockrobotics/jobs/4971791008?utm_source=Simplify&ref=Simplify
,https://simplify.jobs/p/e5e890f6-8118-4a93-bb53-235aab31c793?utm_source=GHList
,https://job-boards.greenhouse.io/bedrockrobotics/jobs/4971794008?utm_source=Simplify&ref=Simplify
,https://simplify.jobs/p/4f7d365c-2b71-400c-b3fe-98c0e4bab5ad?utm_source=GHList
VSP Vision,https://simplify.jobs/c/VSP-Vision?utm_source=GHList&utm_medium=company
,https://vsp.wd1.myworkdayjobs.com/vspvisioncareers/job/Remote-US/Internship--SAP-Software-Engineer_R-8685?utm_source=Simplify&ref=Simplify
,https://simplify.jobs/p/d92bff8c-ca02-46af-92ef-f24c91547fdf?utm_source=GHList
Netic,https://simplify.jobs/c/Netic?utm_source=GHList&utm_medium=company
,https://jobs.ashbyhq.com/netic/1242d448-bce2-4328-81ac-4b1080460b00/application?utm_source=Simplify&ref=Simplify
,https://simplify.jobs/p/57723321-48ff-4019-a3de-605a9cc0df3c?utm_source=GHList
Vertiv,https://simplify.jobs/c/Vertiv?utm_source=GHList&utm_medium=company
,https://egup.fa.us2.oraclecloud.com/hcmUI/CandidateExperience/en/sites/CX/job/20258308?utm_source=Simplify&ref=Simplify
,https://simplify.jobs/p/d7b38512-f4da-4aec-9ed8-779d0a9dc323?utm_source=GHList
,https://egup.fa.us2.oraclecloud.com/hcmUI/CandidateExperience/en/sites/CX/job/20256899?utm_source=Simplify&ref=Simplify
,https://simplify.jobs/p/f72ee476-3089-4b09-a99d-217e5e33398c?utm_source=GHList
Jahnel Group,https://simplify.jobs/c/8f9a7760-f770-41b9-8046-3892b6e193ff?utm_source=GHList&utm_medium=company
,https://www.jahnelgroup.com/apply.html?gh_jid=4102298007&utm_source=Simplify&ref=Simplify
,https://simplify.jobs/p/3cc235ae-fe61-4c42-850d-78450d8e18d7?utm_source=GHList
Epic Games,https://simplify.jobs/c/Epic-Games?utm_source=GHList&utm_medium=company
,https://epicgames.com/careers/jobs/5692791004?gh_jid=5692791004&utm_source=Simplify&ref=Simplify
,https://simplify.jobs/p/13de8abf-52ce-4a49-ba4b-75205a3a2c70?utm_source=GHList
Waystar,https://simplify.jobs/c/Waystar?utm_source=GHList&utm_medium=company
,https://waystar.wd1.myworkdayjobs.com/Waystar/job/Atlanta-GA/Application-Engineering-Internship_R2767-1?utm_source=Simplify&ref=Simplify
,https://simplify.jobs/p/a8e88262-a976-42cc-be5a-b9d9bd3b225c?utm_source=GHList
Hermeus,https://simplify.jobs/c/Hermeus?utm_source=GHList&utm_medium=company
,https://jobs.lever.co/hermeus/dcd92687-0f98-4288-a68e-403fcd654853/apply?utm_source=Simplify&ref=Simplify
,https://simplify.jobs/p/05928a12-b264-4422-9138-6ac9ae460ecd?utm_source=GHList
The Athletic Media Company,https://simplify.jobs/c/The-Athletic-Media-Company?utm_source=GHList&utm_medium=company
,https://jobs.lever.co/theathletic/e55c3738-517a-4033-843d-0c572f63145e/apply?utm_source=Simplify&ref=Simplify
,https://simplify.jobs/p/f05824e4-fe0f-4f9f-83d5-9d4a45b0294f?utm_source=GHList
BorgWarner,https://simplify.jobs/c/BorgWarner?utm_source=GHList&utm_medium=company
,https://borgwarner.wd5.myworkdayjobs.com/BorgWarner_Careers/job/Kokomo-Technical-Center---Indiana---USA/Systems-Integration-Engineer-Intern_R2025-3645?utm_source=Simplify&ref=Simplify
,https://simplify.jobs/p/c8412cac-9330-48d8-b232-f2d471bee8e7?utm_source=GHList
VSP Vision,https://simplify.jobs/c/VSP-Vision?utm_source=GHList&utm_medium=company
,https://vsp.wd1.myworkdayjobs.com/vspvisioncareers/job/Remote-US/Internship--Software-Engineering_R-8733?utm_source=Simplify&ref=Simplify
,https://simplify.jobs/p/3c2fccc2-554d-4e25-893a-03c32f3b4c50?utm_source=GHList
APEX Analytix,https://simplify.jobs/c/APEX-Analytix?utm_source=GHList&utm_medium=company
,https://ats.rippling.com/apexanalytix-careers/jobs/44770cc8-e763-4095-bd6d-af6ab566fd4a?utm_source=Simplify&ref=Simplify
,https://simplify.jobs/p/80d976db-5f2b-4698-8f86-f143b0375a64?utm_source=GHList
Oracle,https://simplify.jobs/c/Oracle?utm_source=GHList&utm_medium=company
,https://eeho.fa.us2.oraclecloud.com/hcmUI/CandidateExperience/en/sites/CX_45001/job/305998?utm_source=Simplify&ref=Simplify
,https://simplify.jobs/p/e38006ed-d9bd-40d2-920b-2753b4e1e259?utm_source=GHList
Arcadis,https://simplify.jobs/c/Arcadis?utm_source=GHList&utm_medium=company
,https://ebcs.fa.em2.oraclecloud.com/hcmUI/CandidateExperience/en/sites/CX_1/jobs/job/33416?utm_source=Simplify&ref=Simplify
,https://simplify.jobs/p/fb28762d-bee4-423f-acbc-a4c3bbbb44f6?utm_source=GHList
Arcesium,https://simplify.jobs/c/Arcesium?utm_source=GHList&utm_medium=company
,https://job-boards.greenhouse.io/arcesiumllc/jobs/4958459007?utm_source=Simplify&ref=Simplify
,https://simplify.jobs/p/629f6ce3-3a00-4382-af32-fe2bce77affa?utm_source=GHList
Aechelon Technology,https://simplify.jobs/c/Aechelon-Technology?utm_source=GHList&utm_medium=company
,https://job-boards.greenhouse.io/aechelontechnology/jobs/4831334008?utm_source=Simplify&ref=Simplify
,https://simplify.jobs/p/00e8653c-faf3-4c7b-9014-4bf9f6227016?utm_source=GHList
Bloom Energy,https://simplify.jobs/c/Bloom-Energy?utm_source=GHList&utm_medium=company
,https://bloomenergy.wd1.myworkdayjobs.com/en-US/BloomEnergyCareers/job/San-Jose-California/Software-Engineering-Intern---Automation_JR-20625?utm_source=Simplify&ref=Simplify
Waymo,https://simplify.jobs/c/Waymo?utm_source=GHList&utm_medium=company
,https://careers.withwaymo.com/jobs?gh_jid=7357510&utm_source=Simplify&ref=Simplify
,https://simplify.jobs/p/7375d4df-b514-41f0-87d8-74318c88414e?utm_source=GHList
Vertiv,https://simplify.jobs/c/Vertiv?utm_source=GHList&utm_medium=company
,https://egup.fa.us2.oraclecloud.com/hcmUI/CandidateExperience/en/sites/CX/job/20256901?utm_source=Simplify&ref=Simplify
,https://simplify.jobs/p/cd0fc6e0-52b0-457f-a7b1-8709e1593e3d?utm_source=GHList
Adobe,https://simplify.jobs/c/Adobe?utm_source=GHList&utm_medium=company
,https://adobe.wd5.myworkdayjobs.com/external_experienced/job/Edinburgh/XMLNAME-2026-Intern---Software-Development-Engineer_R160481?utm_source=Simplify&ref=Simplify
,https://simplify.jobs/p/62bd2b49-d7a4-4369-b0ab-2623bef49870?utm_source=GHList
GitHub,https://simplify.jobs/c/GitHub?utm_source=GHList&utm_medium=company
,https://githubinc.jibeapply.com/jobs/4640?lang=en-us&icims=1&utm_source=Simplify&ref=Simplify
,https://simplify.jobs/p/0e3e4578-d48f-41d2-afc0-6fa0270f6f89?utm_source=GHList
ABB,https://simplify.jobs/c/ABB?utm_source=GHList&utm_medium=company
,https://abb.wd3.myworkdayjobs.com/en-US/external_career_page/job/Bartlesville-Oklahoma-United-States-of-America/Software-Engineering-Intern--Summer-2026_JR00014418?utm_source=Simplify&ref=Simplify
Skydio,https://simplify.jobs/c/Skydio?utm_source=GHList&utm_medium=company
,https://www.skydio.com/jobs/7506906003?gh_jid=7506906003&utm_source=Simplify&ref=Simplify
,https://simplify.jobs/p/e104af3e-249b-4779-8a50-d03433ffd1e2?utm_source=GHList
GitHub,https://simplify.jobs/c/GitHub?utm_source=GHList&utm_medium=company
,https://githubinc.jibeapply.com/jobs/4640?utm_source=Simplify&ref=Simplify
The Trade Desk,https://simplify.jobs/c/281371f9-4ed3-4440-876f-4bbeaa0d50e0?utm_source=GHList&utm_medium=company
,https://job-boards.greenhouse.io/thetradedesk/jobs/4959711007?utm_source=Simplify&ref=Simplify
,https://simplify.jobs/p/f1deb689-deaf-4e19-ba5e-4526fcd60bd8?utm_source=GHList
Cadence Design Systems,https://simplify.jobs/c/Cadence-Design-Systems?utm_source=GHList&utm_medium=company
,https://cadence.wd1.myworkdayjobs.com/External_Careers/job/SAN-JOSE/Summer-Intern--Foundry_R51651-2?utm_source=Simplify&ref=Simplify
,https://simplify.jobs/p/f80dbf03-4f4a-4c3f-a72e-6175d8548c0d?utm_source=GHList
Bloom Energy,https://simplify.jobs/c/Bloom-Energy?utm_source=GHList&utm_medium=company
,https://bloomenergy.wd1.myworkdayjobs.com/bloomenergycareers/job/San-Jose-California/Software-Engineering-Intern---Automation_JR-20625?utm_source=Simplify&ref=Simplify
,https://simplify.jobs/p/b469c9c9-5f6f-4f35-8cb1-514e24486dda?utm_source=GHList
Waymo,https://simplify.jobs/c/Waymo?utm_source=GHList&utm_medium=company
,https://careers.withwaymo.com/jobs?gh_jid=7340164&utm_source=Simplify&ref=Simplify
,https://simplify.jobs/p/6a52b046-8cb6-43e2-9aea-9729e220ab3e?utm_source=GHList
GlobalFoundries,https://simplify.jobs/c/GlobalFoundries?utm_source=GHList&utm_medium=company
,https://globalfoundries.wd1.myworkdayjobs.com/External/job/USA---Vermont---Essex-Junction/Failure-Analysis-Engineering-Intern--Summer-2026-_JR-2502842?utm_source=Simplify&ref=Simplify
,https://simplify.jobs/p/435a8bce-7cc5-4f90-8f93-868586c769d4?utm_source=GHList
Waymo,https://simplify.jobs/c/Waymo?utm_source=GHList&utm_medium=company
,https://careers.withwaymo.com/jobs?gh_jid=7357493&utm_source=Simplify&ref=Simplify
,https://simplify.jobs/p/6e05a6cf-3e27-406b-9d70-1e68fb112130?utm_source=GHList
Oracle,https://simplify.jobs/c/Oracle?utm_source=GHList&utm_medium=company
,https://eeho.fa.us2.oraclecloud.com/hcmUI/CandidateExperience/en/sites/CX_45001/job/306133?utm_source=Simplify&ref=Simplify
,https://simplify.jobs/p/ae04a55e-26f0-45a8-9f7d-80634e6dc0d6?utm_source=GHList
Lumafield,https://simplify.jobs/c/Lumafield?utm_source=GHList&utm_medium=company
,https://www.lumafield.com/careers/job?id=fcef5035-421a-4c2e-a79a-b687401a1efe&utm_source=Simplify&ref=Simplify
,https://careers.nintendo.com/job-openings/listing/25000000EM.html?utm_source=Simplify&ref=Simplify
Waymo,https://simplify.jobs/c/Waymo?utm_source=GHList&utm_medium=company
,https://careers.withwaymo.com/jobs?gh_jid=7340150&utm_source=Simplify&ref=Simplify
,https://simplify.jobs/p/c88e3ce8-775d-4abd-a1f8-ddd309487065?utm_source=GHList
Modernizing Medicine,https://simplify.jobs/c/ModMed?utm_source=GHList&utm_medium=company
,https://job-boards.greenhouse.io/modernizingmedicineinc/jobs/8210699002?utm_source=Simplify&ref=Simplify
,https://simplify.jobs/p/12310a2a-9bd3-46b8-bcc3-caa490369487?utm_source=GHList
Electronic Arts,https://simplify.jobs/c/Electronic-Arts?utm_source=GHList&utm_medium=company
,https://jobs.ea.com/en_US/careers/JobDetail/Software-Engineer-Intern-ML-AI/210877?utm_source=Simplify&ref=Simplify
,https://simplify.jobs/p/1ea94bcc-ea88-4394-94c6-ab6ca96c13d0?utm_source=GHList
Chubb,https://simplify.jobs/c/Chubb?utm_source=GHList&utm_medium=company
,https://fa-ewgu-saasfaprod1.fa.ocs.oraclecloud.com/hcmUI/CandidateExperience/en/sites/CX_2001/job/26151?utm_source=Simplify&ref=Simplify
,https://simplify.jobs/p/64470535-dc7e-4d7f-a6fa-66d37a4260fa?utm_source=GHList
Oracle,https://simplify.jobs/c/Oracle?utm_source=GHList&utm_medium=company
,https://eeho.fa.us2.oraclecloud.com/hcmUI/CandidateExperience/en/sites/CX_45001/job/310924?utm_source=Simplify&ref=Simplify
,https://simplify.jobs/p/9e8b604e-ad48-4936-9254-8a4b9486b307?utm_source=GHList
,https://eeho.fa.us2.oraclecloud.com/hcmUI/CandidateExperience/en/sites/CX_45001/job/306078?utm_source=Simplify&ref=Simplify
,https://simplify.jobs/p/40dff5c4-e3c0-40be-9a43-645a9ec31a52?utm_source=GHList
,https://eeho.fa.us2.oraclecloud.com/hcmUI/CandidateExperience/en/sites/CX_45001/job/309965?utm_source=Simplify&ref=Simplify
,https://simplify.jobs/p/e86ff4c9-3a3c-48b9-9994-00dc8a3453a8?utm_source=GHList
Epic Games,https://simplify.jobs/c/Epic-Games?utm_source=GHList&utm_medium=company
,https://epicgames.com/careers/jobs/5676917004?gh_jid=5676917004&utm_source=Simplify&ref=Simplify
,https://simplify.jobs/p/9f37b605-48a1-46d8-81a9-75a033eb4826?utm_source=GHList
GE Vernova,https://simplify.jobs/c/GE-Vernova?utm_source=GHList&utm_medium=company
,https://gevernova.wd5.myworkdayjobs.com/only_confidential_executive_recruiting/job/Niskayuna/Software-Engineering-Intern---Summer-2026_R5022361-1?utm_source=Simplify&ref=Simplify
,https://simplify.jobs/p/32d3b83d-5b18-499a-a92e-cf94c6095fb7?utm_source=GHList
Bloom Energy,https://simplify.jobs/c/Bloom-Energy?utm_source=GHList&utm_medium=company
,https://bloomenergy.wd1.myworkdayjobs.com/bloomenergycareers/job/San-Jose-California/IT-Software-Developer-Intern_JR-20775?utm_source=Simplify&ref=Simplify
,https://simplify.jobs/p/f0fe7883-fc9c-4a50-bd63-46a5efe0eb64?utm_source=GHList
,https://bloomenergy.wd1.myworkdayjobs.com/bloomenergycareers/job/San-Jose-California/Full-Stack-Developer-Intern_JR-20763?utm_source=Simplify&ref=Simplify
,https://simplify.jobs/p/9315b6c7-d48c-4f7f-8902-fd77b98f5a55?utm_source=GHList
Electronic Arts,https://simplify.jobs/c/Electronic-Arts?utm_source=GHList&utm_medium=company
,https://jobs.ea.com/en_US/careers/JobDetail/Software-Engineering-Co-Op/210924?utm_source=Simplify&ref=Simplify
,https://simplify.jobs/p/c3cbf146-3965-4cfb-bf5c-8916be1c1a24?utm_source=GHList
,https://jobs.ea.com/en_US/careers/JobDetail/Software-Development-Intern/210913?utm_source=Simplify&ref=Simplify
,https://simplify.jobs/p/17095ed2-62c9-4938-ac82-d419e67cf38d?utm_source=GHList
CACI,https://simplify.jobs/c/CACI?utm_source=GHList&utm_medium=company
,https://caci.wd1.myworkdayjobs.com/external/job/US-VA-Ashburn/Software-Development-Intern---Summer-2026_318816?utm_source=Simplify&ref=Simplify
,https://simplify.jobs/p/7d74b2a5-a588-4594-83bb-fb25249b84f5?utm_source=GHList
Highmark Health,https://simplify.jobs/c/Highmark-Health?utm_source=GHList&utm_medium=company
,https://highmarkhealth.wd1.myworkdayjobs.com/en-US/highmark/job/PA-Working-at-Home---Pennsylvania/Sumer-2026-Software-Engineer-Graduate-Intern_J270859?utm_source=Simplify&ref=Simplify
Nuro,https://simplify.jobs/c/Nuro?utm_source=GHList&utm_medium=company
,https://www.nuro.ai/careersitem?gh_jid=7351061&utm_source=Simplify&ref=Simplify
,https://simplify.jobs/p/242bc7fa-31c3-45b7-959c-5b55fe14cd07?utm_source=GHList
Bloom Energy,https://simplify.jobs/c/Bloom-Energy?utm_source=GHList&utm_medium=company
,https://bloomenergy.wd1.myworkdayjobs.com/en-US/BloomEnergyCareers/job/San-Jose-California/Full-Stack-Developer-Intern_JR-20763?utm_source=Simplify&ref=Simplify
,https://job-boards.greenhouse.io/merge/jobs/4335732004?utm_source=Simplify&ref=Simplify
,https://simplify.jobs/p/59f973b1-3b70-433e-ac8a-36cbb646066a?utm_source=GHList
Relay,https://simplify.jobs/c/RelayPro?utm_source=GHList&utm_medium=company
,https://job-boards.greenhouse.io/relaypro/jobs/7349173?utm_source=Simplify&ref=Simplify
,https://simplify.jobs/p/acd8bed2-67bb-440d-a0ab-708b94df1b22?utm_source=GHList
Wing,https://simplify.jobs/c/Wing?utm_source=GHList&utm_medium=company
,https://wing.com/careers/8203613002?gh_jid=8203613002&utm_source=Simplify&ref=Simplify
,https://simplify.jobs/p/6c1b9ac2-2f98-43bf-ad01-361b580c495e?utm_source=GHList
Lyft,https://simplify.jobs/c/Lyft?utm_source=GHList&utm_medium=company
,https://app.careerpuck.com/job-board/lyft/job/8215921002?gh_jid=8215921002&utm_source=Simplify&ref=Simplify
,https://simplify.jobs/p/b7d8fe27-c6d8-492d-8b8e-0cd5cb7944f6?utm_source=GHList
,https://www.getfiber.ai/careers?gh_jid=4949164007&utm_source=Simplify&ref=Simplify
,https://www.pega.com/about/careers/22692/software-engineer-summer-intern-software-delivery-excellence-alliance?utm_source=Simplify&ref=Simplify
Illumio,https://simplify.jobs/c/Illumio?utm_source=GHList&utm_medium=company
,https://jobs.ashbyhq.com/illumio/83af42e8-8970-4e5f-8f03-b559071d73db/application?utm_source=Simplify&ref=Simplify
,https://simplify.jobs/p/a2d84118-3483-49a5-a7d0-a6be4dde0d8d?utm_source=GHList
Waymo,https://simplify.jobs/c/Waymo?utm_source=GHList&utm_medium=company
,https://careers.withwaymo.com/jobs?gh_jid=7342413&utm_source=Simplify&ref=Simplify
,https://simplify.jobs/p/29bfdf79-3266-4090-a984-790802c510f2?utm_source=GHList
Intuit,https://simplify.jobs/c/Intuit?utm_source=GHList&utm_medium=company
,https://jobs.intuit.com/job/mountain-view/summer-2026-front-end-engineering-intern/27595/87369447104?utm_source=Simplify&ref=Simplify
,https://simplify.jobs/p/a0d7847b-e42a-464f-a061-87b10e9e12a9?utm_source=GHList
TikTok,https://simplify.jobs/c/TikTok?utm_source=GHList&utm_medium=company
,https://lifeattiktok.com/search/7561941583777941813?utm_source=Simplify&ref=Simplify
,https://simplify.jobs/p/c5b25325-04c9-4ecd-af56-abb6aeaa6da2?utm_source=GHList
Illumio,https://simplify.jobs/c/Illumio?utm_source=GHList&utm_medium=company
,https://jobs.ashbyhq.com/illumio/c130215a-b9d3-49bb-9f12-8c4317cd3697/application?utm_source=Simplify&ref=Simplify
,https://simplify.jobs/p/b6cad9ee-0c8f-467c-8ca3-a1efd84ac466?utm_source=GHList
SWBC,https://simplify.jobs/c/SWBC?utm_source=GHList&utm_medium=company
,https://swbc.wd1.myworkdayjobs.com/en-US/swivel/job/Grand-Rapids-MI/Software-Engineering-Intern_R0013986?utm_source=Simplify&ref=Simplify
,https://swbc.wd1.myworkdayjobs.com/en-US/swivel/job/San-Antonio-TX/Software-Engineering-Intern_R0013950?utm_source=Simplify&ref=Simplify
Base,https://simplify.jobs/c/Base?utm_source=GHList&utm_medium=company
,https://base.org/careers?gh_jid=7341088&utm_source=Simplify&ref=Simplify
,https://simplify.jobs/p/bc57001c-a317-4d83-9b65-9f39c8e254ac?utm_source=GHList
Standard Aero,https://simplify.jobs/c/Standard-Aero?utm_source=GHList&utm_medium=company
,https://cva.fa.us1.oraclecloud.com/hcmUI/CandidateExperience/en/sites/CX_3/job/7946?utm_source=Simplify&ref=Simplify
,https://simplify.jobs/p/f170b851-5b39-4722-98b2-46a29ef0d856?utm_source=GHList
Uline,https://simplify.jobs/c/Uline?utm_source=GHList&utm_medium=company
,https://uline.wd1.myworkdayjobs.com/en-US/Uline_Careers/job/Pleasant-Prairie-WI/Software-Developer-Internship---Summer-2026_R258416?utm_source=Simplify&ref=Simplify
,https://simplify.jobs/p/97410242-c45e-46ff-8e9a-28f0d58815d6?utm_source=GHList
Versana,https://simplify.jobs/c/Versana?utm_source=GHList&utm_medium=company
,https://jobs.lever.co/Versana/f07c26bc-7359-44ba-b11e-8d1aaf97c001/apply?utm_source=Simplify&ref=Simplify
,https://simplify.jobs/p/7fe4d6d7-16d1-4927-a5b0-be20a1b29a69?utm_source=GHList
CACI,https://simplify.jobs/c/CACI?utm_source=GHList&utm_medium=company
,https://caci.wd1.myworkdayjobs.com/external/job/US-NE-Omaha/Software-Development-Engineering-Intern---Summer-2026_318647?utm_source=Simplify&ref=Simplify
,https://simplify.jobs/p/9832d7e4-d6e1-4fb0-9d6c-5a3ee7297eb5?utm_source=GHList
,https://jobs.ashbyhq.com/airspace-intelligence.com/c2ef5338-def2-4370-8ab0-0775466d8bf8?utm_source=Simplify&ref=Simplify
Eulerity,https://simplify.jobs/c/Eulerity?utm_source=GHList&utm_medium=company
,https://job-boards.greenhouse.io/eulerity/jobs/4609763006?utm_source=Simplify&ref=Simplify
,https://simplify.jobs/p/4006e6b8-9ae6-4b4b-a590-0929ee539901?utm_source=GHList
Bloom Energy,https://simplify.jobs/c/Bloom-Energy?utm_source=GHList&utm_medium=company
,https://bloomenergy.wd1.myworkdayjobs.com/bloomenergycareers/job/San-Jose-California/IT-Software-Developer-Intern_JR-20773?utm_source=Simplify&ref=Simplify
,https://simplify.jobs/p/35f262c6-544e-4598-9c8a-e328e101ea87?utm_source=GHList
MongoDB,https://simplify.jobs/c/MongoDB?utm_source=GHList&utm_medium=company
,https://www.mongodb.com/careers/job/?gh_jid=7239049&utm_source=Simplify&ref=Simplify
,https://simplify.jobs/p/3ab7f139-dc4c-4422-8755-e7db73f746d0?utm_source=GHList
Nelnet,https://simplify.jobs/c/Nelnet?utm_source=GHList&utm_medium=company
,https://nelnet.wd1.myworkdayjobs.com/MyNelnet/job/Lincoln-NE/Intern---IT-Software-Engineer_R21836?utm_source=Simplify&ref=Simplify
,https://simplify.jobs/p/2de89216-6ee2-46fd-8bdd-d664460920f8?utm_source=GHList
Waymo,https://simplify.jobs/c/Waymo?utm_source=GHList&utm_medium=company
,https://careers.withwaymo.com/jobs?gh_jid=7315982&utm_source=Simplify&ref=Simplify
,https://simplify.jobs/p/44fa4dbb-ac56-4cf9-8b3f-da8d15ae25de?utm_source=GHList
HNTB,https://simplify.jobs/c/HNTB?utm_source=GHList&utm_medium=company
,https://hntb.wd5.myworkdayjobs.com/hntb_careers/job/Chicago-IL/Technology-Intern---Summer-2026_R-27864-1?utm_source=Simplify&ref=Simplify
,https://simplify.jobs/p/05fe7a89-7c97-415c-b5b8-c52602da6632?utm_source=GHList
Appian,https://simplify.jobs/c/Appian?utm_source=GHList&utm_medium=company
,https://job-boards.greenhouse.io/appian/jobs/7201615?utm_source=Simplify&ref=Simplify
Pure Storage,https://simplify.jobs/c/Pure-Storage?utm_source=GHList&utm_medium=company
,https://boards.greenhouse.io/purestorage/jobs/7258723?utm_source=Simplify&ref=Simplify
,https://simplify.jobs/p/9ecc0af0-ed53-4d59-b1a7-75803907dd1f?utm_source=GHList
Coinbase,https://simplify.jobs/c/Coinbase?utm_source=GHList&utm_medium=company
,https://boards.greenhouse.io/embed/job_app?token=7268895&utm_source=Simplify&ref=Simplify
,https://simplify.jobs/p/5c28402d-5584-4e5f-8be8-4240f3350e5e?utm_source=GHList
Expedition Technology,https://simplify.jobs/c/ExpeditionTech?utm_source=GHList&utm_medium=company
,https://www.exptechinc.com/careers/?gh_jid=4942441007&utm_source=Simplify&ref=Simplify
,https://simplify.jobs/p/3a08f5b1-de07-46a8-9a0a-e669735eed49?utm_source=GHList
,https://www.exptechinc.com/careers/?gh_jid=4942451007&utm_source=Simplify&ref=Simplify
,https://simplify.jobs/p/e5cc0780-7070-4f17-a1e5-c5d0f8c013c9?utm_source=GHList
GM financial,https://simplify.jobs/c/GM-Financial?utm_source=GHList&utm_medium=company
,https://fa-exvu-saasfaprod1.fa.ocs.oraclecloud.com/hcmUI/CandidateExperience/en/sites/CX_1/jobs/job/1059?utm_source=Simplify&ref=Simplify
,https://simplify.jobs/p/ef705f0d-76b3-45d9-9655-38871c96454a?utm_source=GHList
Reliable Robotics,https://simplify.jobs/c/Reliable-Robotics?utm_source=GHList&utm_medium=company
,https://jobs.lever.co/reliable/5d37ef7e-95f3-4b46-86fe-e0aeb64b3d8f?utm_source=Simplify&ref=Simplify
,https://jobs.lever.co/reliable/c03acd82-7f84-43c8-bcf9-e854abeb6104?utm_source=Simplify&ref=Simplify
